
  ✅ Mở trình duyệt: http://127.0.0.1:5001

 * Serving Flask app 'app'
 * Debug mode: off
[DEBUG-TTS] raw voice='azure:zh-CN-Xiaoyue:DragonHDOmniLatestNeural' engine='azure' vname='zh-CN-Xiaoyue:DragonHDOmniLatestNeural' eleven_voice='' eleven_model='eleven_multilingual_v2'
>> Bai 1: How to Start From Zero — 98 doan
   Co chu cau (dong nhat): 100px
  [BG] 1 nguồn nền (1 ảnh + 0 video) — chia đều theo thời lượng
[DEBUG-TTS] synth_azure text='深夜的街上，有一家小店慢慢拉下了卷帘门。' len=20 key_len=84 region='southeastasia'
[DEBUG-TTS] synth_azure goi voice='zh-CN-Xiaoyue:DragonHDOmniLatestNeural' region='southeastasia' url='https://southeastasia.tts.speech.microsoft.com/cognitiveservices/v1'
[DEBUG-TTS] synth_azure nhan duoc 25056 bytes
  [01/98] sentence      4.8s
[DEBUG-TTS] synth_azure text='灯一盏一盏地灭了，最后连招牌也暗了。' len=18 key_len=84 region='southeastasia'
[DEBUG-TTS] synth_azure goi voice='zh-CN-Xiaoyue:DragonHDOmniLatestNeural' region='southeastasia' url='https://southeastasia.tts.speech.microsoft.com/cognitiveservices/v1'
[DEBUG-TTS] synth_azure nhan duoc 26208 bytes
  [02/98] sentence      5.0s
[DEBUG-TTS] synth_azure text='有些结束，安静得没有一点声音。' len=15 key_len=84 region='southeastasia'
[DEBUG-TTS] synth_azure goi voice='zh-CN-Xiaoyue:DragonHDOmniLatestNeural' region='southeastasia' url='https://southeastasia.tts.speech.microsoft.com/cognitiveservices/v1'
[DEBUG-TTS] synth_azure nhan duoc 19872 bytes
  [03/98] sentence      3.9s
[DEBUG-TTS] synth_azure text='没有人鼓掌，也没有人告别，只有夜风吹过空空的街道。' len=25 key_len=84 region='southeastasia'
[DEBUG-TTS] synth_azure goi voice='zh-CN-Xiaoyue:DragonHDOmniLatestNeural' region='southeastasia' url='https://southeastasia.tts.speech.microsoft.com/cognitiveservices/v1'
[DEBUG-TTS] synth_azure nhan duoc 25632 bytes
  [04/98] sentence      4.9s
[DEBUG-TTS] synth_azure text='可是你知道吗，有一种开始，就是从这样的黑暗里长出来的。' len=27 key_len=84 region='southeastasia'
[DEBUG-TTS] synth_azure goi voice='zh-CN-Xiaoyue:DragonHDOmniLatestNeural' region='southeastasia' url='https://southeastasia.tts.speech.microsoft.com/cognitiveservices/v1'
[DEBUG-TTS] synth_azure nhan duoc 29952 bytes
  [05/98] sentence      5.7s
[DEBUG-TTS] synth_azure text='今天，我们想跟你聊四个字：从零开始。' len=18 key_len=84 region='southeastasia'
[DEBUG-TTS] synth_azure goi voice='zh-CN-Xiaoyue:DragonHDOmniLatestNeural' region='southeastasia' url='https://southeastasia.tts.speech.microsoft.com/cognitiveservices/v1'
[DEBUG-TTS] synth_azure nhan duoc 24624 bytes
  [06/98] sentence      4.7s
[DEBUG-TTS] synth_azure text='从零开始，听起来像失败的另一个名字。' len=18 key_len=84 region='southeastasia'
[DEBUG-TTS] synth_azure goi voice='zh-CN-Xiaoyue:DragonHDOmniLatestNeural' region='southeastasia' url='https://southeastasia.tts.speech.microsoft.com/cognitiveservices/v1'
[DEBUG-TTS] synth_azure nhan duoc 21744 bytes
  [07/98] sentence      4.2s
[DEBUG-TTS] synth_azure text='很多人一听到它，就想起丢掉的东西、白费的努力。' len=23 key_len=84 region='southeastasia'
[DEBUG-TTS] synth_azure goi voice='zh-CN-Xiaoyue:DragonHDOmniLatestNeural' region='southeastasia' url='https://southeastasia.tts.speech.microsoft.com/cognitiveservices/v1'
[DEBUG-TTS] synth_azure nhan duoc 26640 bytes
  [08/98] sentence      5.1s
[DEBUG-TTS] synth_azure text='其实，它是生活递给你的第二张纸。' len=16 key_len=84 region='southeastasia'
[DEBUG-TTS] synth_azure goi voice='zh-CN-Xiaoyue:DragonHDOmniLatestNeural' region='southeastasia' url='https://southeastasia.tts.speech.microsoft.com/cognitiveservices/v1'
[DEBUG-TTS] synth_azure nhan duoc 21312 bytes
  [09/98] sentence      4.1s
[DEBUG-TTS] synth_azure text='零不是什么都没有，零是一张干净的白纸。' len=19 key_len=84 region='southeastasia'
[DEBUG-TTS] synth_azure goi voice='zh-CN-Xiaoyue:DragonHDOmniLatestNeural' region='southeastasia' url='https://southeastasia.tts.speech.microsoft.com/cognitiveservices/v1'
[DEBUG-TTS] synth_azure nhan duoc 23760 bytes
  [10/98] sentence      4.6s
[DEBUG-TTS] synth_azure text='你可以在上面，重新写你自己的名字。' len=17 key_len=84 region='southeastasia'
[DEBUG-TTS] synth_azure goi voice='zh-CN-Xiaoyue:DragonHDOmniLatestNeural' region='southeastasia' url='https://southeastasia.tts.speech.microsoft.com/cognitiveservices/v1'
[DEBUG-TTS] synth_azure nhan duoc 20016 bytes
  [11/98] sentence      3.9s
[DEBUG-TTS] synth_azure text='写得慢一点没关系，这一次，笔在你自己手里。' len=21 key_len=84 region='southeastasia'
[DEBUG-TTS] synth_azure goi voice='zh-CN-Xiaoyue:DragonHDOmniLatestNeural' region='southeastasia' url='https://southeastasia.tts.speech.microsoft.com/cognitiveservices/v1'
[DEBUG-TTS] synth_azure nhan duoc 30816 bytes
  [12/98] sentence      6.3s
[DEBUG-TTS] synth_azure text='苏晓雨今年二十二岁。' len=10 key_len=84 region='southeastasia'
[DEBUG-TTS] synth_azure goi voice='zh-CN-Xiaoyue:DragonHDOmniLatestNeural' region='southeastasia' url='https://southeastasia.tts.speech.microsoft.com/cognitiveservices/v1'
[DEBUG-TTS] synth_azure nhan duoc 14544 bytes
  [13/98] sentence      2.9s
[DEBUG-TTS] synth_azure text='去年，她用打工存的钱，加上向好友林悦借的几万块，开了一家小奶茶店。' len=33 key_len=84 region='southeastasia'
[DEBUG-TTS] synth_azure goi voice='zh-CN-Xiaoyue:DragonHDOmniLatestNeural' region='southeastasia' url='https://southeastasia.tts.speech.microsoft.com/cognitiveservices/v1'
[DEBUG-TTS] synth_azure nhan duoc 36144 bytes
  [14/98] sentence      6.8s
[DEBUG-TTS] synth_azure text='开业那天，她说这是自己最勇敢的一件事。' len=19 key_len=84 region='southeastasia'
[DEBUG-TTS] synth_azure goi voice='zh-CN-Xiaoyue:DragonHDOmniLatestNeural' region='southeastasia' url='https://southeastasia.tts.speech.microsoft.com/cognitiveservices/v1'
[DEBUG-TTS] synth_azure nhan duoc 20736 bytes
  [15/98] sentence      4.0s
[DEBUG-TTS] synth_azure text='可是，勇敢没有帮她留住这家店。' len=15 key_len=84 region='southeastasia'
[DEBUG-TTS] synth_azure goi voice='zh-CN-Xiaoyue:DragonHDOmniLatestNeural' region='southeastasia' url='https://southeastasia.tts.speech.microsoft.com/cognitiveservices/v1'
[DEBUG-TTS] synth_azure nhan duoc 19152 bytes
  [16/98] sentence      3.8s
[DEBUG-TTS] synth_azure text='她的配方（做饮料的方法和比例）是网上买来的，味道普普通通。' len=29 key_len=84 region='southeastasia'
[DEBUG-TTS] synth_azure goi voice='zh-CN-Xiaoyue:DragonHDOmniLatestNeural' region='southeastasia' url='https://southeastasia.tts.speech.microsoft.com/cognitiveservices/v1'
[DEBUG-TTS] synth_azure nhan duoc 32976 bytes
  [17/98] sentence      6.3s
[DEBUG-TTS] synth_azure text='店开在人很少的小街上，只因为房租便宜。' len=19 key_len=84 region='southeastasia'
[DEBUG-TTS] synth_azure goi voice='zh-CN-Xiaoyue:DragonHDOmniLatestNeural' region='southeastasia' url='https://southeastasia.tts.speech.microsoft.com/cognitiveservices/v1'
[DEBUG-TTS] synth_azure nhan duoc 23760 bytes
  [18/98] sentence      4.6s
[DEBUG-TTS] synth_azure text='八个月以后，钱烧完了，客人始终没有来。' len=19 key_len=84 region='southeastasia'
[DEBUG-TTS] synth_azure goi voice='zh-CN-Xiaoyue:DragonHDOmniLatestNeural' region='southeastasia' url='https://southeastasia.tts.speech.microsoft.com/cognitiveservices/v1'
[DEBUG-TTS] synth_azure nhan duoc 22752 bytes
  [19/98] sentence      4.4s
[DEBUG-TTS] synth_azure text='关店那晚，她一个人把桌椅搬上了二手货车。' len=20 key_len=84 region='southeastasia'
[DEBUG-TTS] synth_azure goi voice='zh-CN-Xiaoyue:DragonHDOmniLatestNeural' region='southeastasia' url='https://southeastasia.tts.speech.microsoft.com/cognitiveservices/v1'
[DEBUG-TTS] synth_azure nhan duoc 21888 bytes
  [20/98] sentence      4.2s
[DEBUG-TTS] synth_azure text='最后，她伸手关掉了招牌的灯。' len=14 key_len=84 region='southeastasia'
[DEBUG-TTS] synth_azure goi voice='zh-CN-Xiaoyue:DragonHDOmniLatestNeural' region='southeastasia' url='https://southeastasia.tts.speech.microsoft.com/cognitiveservices/v1'
[DEBUG-TTS] synth_azure nhan duoc 19584 bytes
  [21/98] sentence      3.8s
[DEBUG-TTS] synth_azure text='回到出租屋，她坐在床边，看着自己空空的手心。' len=22 key_len=84 region='southeastasia'
[DEBUG-TTS] synth_azure goi voice='zh-CN-Xiaoyue:DragonHDOmniLatestNeural' region='southeastasia' url='https://southeastasia.tts.speech.microsoft.com/cognitiveservices/v1'
[DEBUG-TTS] synth_azure nhan duoc 26064 bytes
  [22/98] sentence      5.0s
[DEBUG-TTS] synth_azure text='存款没有了，还欠着林悦的钱。' len=14 key_len=84 region='southeastasia'
[DEBUG-TTS] synth_azure goi voice='zh-CN-Xiaoyue:DragonHDOmniLatestNeural' region='southeastasia' url='https://southeastasia.tts.speech.microsoft.com/cognitiveservices/v1'
[DEBUG-TTS] synth_azure nhan duoc 18432 bytes
  [23/98] sentence      3.6s
[DEBUG-TTS] synth_azure text='那几天，她不敢接林悦的电话，觉得自己丢了钱，也丢了脸。' len=27 key_len=84 region='southeastasia'
[DEBUG-TTS] synth_azure goi voice='zh-CN-Xiaoyue:DragonHDOmniLatestNeural' region='southeastasia' url='https://southeastasia.tts.speech.microsoft.com/cognitiveservices/v1'
[DEBUG-TTS] synth_azure nhan duoc 25056 bytes
  [24/98] sentence      4.8s
[DEBUG-TTS] synth_azure text='一个星期后，林悦直接找上门，拎着热乎乎的饺子。' len=23 key_len=84 region='southeastasia'
[DEBUG-TTS] synth_azure goi voice='zh-CN-Xiaoyue:DragonHDOmniLatestNeural' region='southeastasia' url='https://southeastasia.tts.speech.microsoft.com/cognitiveservices/v1'
[DEBUG-TTS] synth_azure nhan duoc 29664 bytes
  [25/98] sentence      5.6s
[DEBUG-TTS] synth_azure text='林悦说："店没了就没了，你还在，钱可以慢慢还。"' len=24 key_len=84 region='southeastasia'
[DEBUG-TTS] synth_azure goi voice='zh-CN-XiaoyiNeural' region='southeastasia' url='https://southeastasia.tts.speech.microsoft.com/cognitiveservices/v1'
[DEBUG-TTS] synth_azure nhan duoc 32832 bytes
  [26/98] sentence      5.8s
[DEBUG-TTS] synth_azure text='那天晚上，她第一次认真地问自己：我到底输在哪里？' len=24 key_len=84 region='southeastasia'
[DEBUG-TTS] synth_azure goi voice='zh-CN-Xiaoyue:DragonHDOmniLatestNeural' region='southeastasia' url='https://southeastasia.tts.speech.microsoft.com/cognitiveservices/v1'
[DEBUG-TTS] synth_azure nhan duoc 27504 bytes
  [27/98] sentence      5.6s
[DEBUG-TTS] synth_azure text='她输掉的不是运气，而是本事。' len=14 key_len=84 region='southeastasia'
[DEBUG-TTS] synth_azure goi voice='zh-CN-Xiaoyue:DragonHDOmniLatestNeural' region='southeastasia' url='https://southeastasia.tts.speech.microsoft.com/cognitiveservices/v1'
[DEBUG-TTS] synth_azure nhan duoc 14256 bytes
  [28/98] sentence      2.9s
[DEBUG-TTS] synth_azure text='于是她做了一个决定：从头学起。' len=15 key_len=84 region='southeastasia'
[DEBUG-TTS] synth_azure goi voice='zh-CN-Xiaoyue:DragonHDOmniLatestNeural' region='southeastasia' url='https://southeastasia.tts.speech.microsoft.com/cognitiveservices/v1'
[DEBUG-TTS] synth_azure nhan duoc 17856 bytes
  [29/98] sentence      3.5s
[DEBUG-TTS] synth_azure text='她报了正规的饮品课程，白天上课，记了满满两本笔记。' len=25 key_len=84 region='southeastasia'
[DEBUG-TTS] synth_azure goi voice='zh-CN-Xiaoyue:DragonHDOmniLatestNeural' region='southeastasia' url='https://southeastasia.tts.speech.microsoft.com/cognitiveservices/v1'
[DEBUG-TTS] synth_azure nhan duoc 31248 bytes
  [30/98] sentence      5.9s
[DEBUG-TTS] synth_azure text='晚上，她去一家生意很好的茶饮店打工。' len=18 key_len=84 region='southeastasia'
[DEBUG-TTS] synth_azure goi voice='zh-CN-Xiaoyue:DragonHDOmniLatestNeural' region='southeastasia' url='https://southeastasia.tts.speech.microsoft.com/cognitiveservices/v1'
[DEBUG-TTS] synth_azure nhan duoc 22032 bytes
  [31/98] sentence      4.3s
[DEBUG-TTS] synth_azure text='面试时，她对老板王姐说："工资多少都行，我想学真本事。"' len=28 key_len=84 region='southeastasia'
[DEBUG-TTS] synth_azure goi voice='zh-CN-Xiaoyue:DragonHDOmniLatestNeural' region='southeastasia' url='https://southeastasia.tts.speech.microsoft.com/cognitiveservices/v1'
[DEBUG-TTS] synth_azure nhan duoc 31968 bytes
  [32/98] sentence      6.1s
[DEBUG-TTS] synth_azure text='可是，学真本事的第一步，是洗杯子。' len=17 key_len=84 region='southeastasia'
[DEBUG-TTS] synth_azure goi voice='zh-CN-Xiaoyue:DragonHDOmniLatestNeural' region='southeastasia' url='https://southeastasia.tts.speech.microsoft.com/cognitiveservices/v1'
[DEBUG-TTS] synth_azure nhan duoc 19296 bytes
  [33/98] sentence      3.8s
[DEBUG-TTS] synth_azure text='整整三个月，她的工作只有洗杯子、擦台子、拖地。' len=23 key_len=84 region='southeastasia'
[DEBUG-TTS] synth_azure goi voice='zh-CN-Xiaoyue:DragonHDOmniLatestNeural' region='southeastasia' url='https://southeastasia.tts.speech.microsoft.com/cognitiveservices/v1'
[DEBUG-TTS] synth_azure nhan duoc 27936 bytes
  [34/98] sentence      5.3s
[DEBUG-TTS] synth_azure text='有一天，一个以前的老同学走进店里，认出了她。' len=22 key_len=84 region='southeastasia'
[DEBUG-TTS] synth_azure goi voice='zh-CN-Xiaoyue:DragonHDOmniLatestNeural' region='southeastasia' url='https://southeastasia.tts.speech.microsoft.com/cognitiveservices/v1'
[DEBUG-TTS] synth_azure nhan duoc 24192 bytes
  [35/98] sentence      4.7s
[DEBUG-TTS] synth_azure text='对方愣了一下，转过头去，跟旁边的朋友小声说了几句什么。' len=27 key_len=84 region='southeastasia'
[DEBUG-TTS] synth_azure goi voice='zh-CN-Xiaoyue:DragonHDOmniLatestNeural' region='southeastasia' url='https://southeastasia.tts.speech.microsoft.com/cognitiveservices/v1'
[DEBUG-TTS] synth_azure nhan duoc 29088 bytes
  [36/98] sentence      5.5s
[DEBUG-TTS] synth_azure text='苏晓雨端着一盘脏杯子，脸一下子烧了起来。' len=20 key_len=84 region='southeastasia'
[DEBUG-TTS] synth_azure goi voice='zh-CN-Xiaoyue:DragonHDOmniLatestNeural' region='southeastasia' url='https://southeastasia.tts.speech.microsoft.com/cognitiveservices/v1'
[DEBUG-TTS] synth_azure nhan duoc 22464 bytes
  [37/98] sentence      4.4s
[DEBUG-TTS] synth_azure text='那天打烊（晚上关店）以后，她躲进里屋，差一点就发出了辞职的短信。' len=32 key_len=84 region='southeastasia'
[DEBUG-TTS] synth_azure goi voice='zh-CN-Xiaoyue:DragonHDOmniLatestNeural' region='southeastasia' url='https://southeastasia.tts.speech.microsoft.com/cognitiveservices/v1'
[DEBUG-TTS] synth_azure nhan duoc 32256 bytes
  [38/98] sentence      6.1s
[DEBUG-TTS] synth_azure text='她忽然想起关掉招牌灯的那个晚上——如果现在走，那盏灯就永远不会再亮了。' len=35 key_len=84 region='southeastasia'
[DEBUG-TTS] synth_azure goi voice='zh-CN-Xiaoyue:DragonHDOmniLatestNeural' region='southeastasia' url='https://southeastasia.tts.speech.microsoft.com/cognitiveservices/v1'
[DEBUG-TTS] synth_azure nhan duoc 40752 bytes
  [39/98] sentence      7.8s
[DEBUG-TTS] synth_azure text='她把短信删掉，把围裙叠好，放进了包里。' len=19 key_len=84 region='southeastasia'
[DEBUG-TTS] synth_azure goi voice='zh-CN-Xiaoyue:DragonHDOmniLatestNeural' region='southeastasia' url='https://southeastasia.tts.speech.microsoft.com/cognitiveservices/v1'
[DEBUG-TTS] synth_azure nhan duoc 23760 bytes
  [40/98] sentence      4.6s
[DEBUG-TTS] synth_azure text='慢慢地，王姐发现，这个洗杯子的女孩有点不一样。' len=23 key_len=84 region='southeastasia'
[DEBUG-TTS] synth_azure goi voice='zh-CN-Xiaoyue:DragonHDOmniLatestNeural' region='southeastasia' url='https://southeastasia.tts.speech.microsoft.com/cognitiveservices/v1'
[DEBUG-TTS] synth_azure nhan duoc 25776 bytes
  [41/98] sentence      4.9s
[DEBUG-TTS] synth_azure text='客人说茶太甜了，她会悄悄记下那天的水温和糖量。' len=23 key_len=84 region='southeastasia'
[DEBUG-TTS] synth_azure goi voice='zh-CN-Xiaoyue:DragonHDOmniLatestNeural' region='southeastasia' url='https://southeastasia.tts.speech.microsoft.com/cognitiveservices/v1'
[DEBUG-TTS] synth_azure nhan duoc 28944 bytes
  [42/98] sentence      5.5s
[DEBUG-TTS] synth_azure text='半年后的一个晚上，王姐把她叫住。' len=16 key_len=84 region='southeastasia'
[DEBUG-TTS] synth_azure goi voice='zh-CN-Xiaoyue:DragonHDOmniLatestNeural' region='southeastasia' url='https://southeastasia.tts.speech.microsoft.com/cognitiveservices/v1'
[DEBUG-TTS] synth_azure nhan duoc 21168 bytes
  [43/98] sentence      4.1s
[DEBUG-TTS] synth_azure text='王姐说："从明天起，你站吧台。"' len=16 key_len=84 region='southeastasia'
[DEBUG-TTS] synth_azure goi voice='zh-CN-XiaoyiNeural' region='southeastasia' url='https://southeastasia.tts.speech.microsoft.com/cognitiveservices/v1'
[DEBUG-TTS] synth_azure nhan duoc 24624 bytes
  [44/98] sentence      4.4s
[DEBUG-TTS] synth_azure text='她学会了看茶叶、控水温，也学会了跟客人聊天。' len=22 key_len=84 region='southeastasia'
[DEBUG-TTS] synth_azure goi voice='zh-CN-Xiaoyue:DragonHDOmniLatestNeural' region='southeastasia' url='https://southeastasia.tts.speech.microsoft.com/cognitiveservices/v1'
[DEBUG-TTS] synth_azure nhan duoc 28944 bytes
  [45/98] sentence      5.5s
[DEBUG-TTS] synth_azure text='每个月发了工资，她先还林悦一笔，再存一笔。' len=21 key_len=84 region='southeastasia'
[DEBUG-TTS] synth_azure goi voice='zh-CN-Xiaoyue:DragonHDOmniLatestNeural' region='southeastasia' url='https://southeastasia.tts.speech.microsoft.com/cognitiveservices/v1'
[DEBUG-TTS] synth_azure nhan duoc 26928 bytes
  [46/98] sentence      5.2s
[DEBUG-TTS] synth_azure text='两年过去，账还清了，笔记本也写满了五本。' len=20 key_len=84 region='southeastasia'
[DEBUG-TTS] synth_azure goi voice='zh-CN-Xiaoyue:DragonHDOmniLatestNeural' region='southeastasia' url='https://southeastasia.tts.speech.microsoft.com/cognitiveservices/v1'
[DEBUG-TTS] synth_azure nhan duoc 21024 bytes
  [47/98] sentence      4.1s
[DEBUG-TTS] synth_azure text='今年春天，她在菜市场门口租下了一个很小的店面。' len=23 key_len=84 region='southeastasia'
[DEBUG-TTS] synth_azure goi voice='zh-CN-Xiaoyue:DragonHDOmniLatestNeural' region='southeastasia' url='https://southeastasia.tts.speech.microsoft.com/cognitiveservices/v1'
[DEBUG-TTS] synth_azure nhan duoc 26352 bytes
  [48/98] sentence      5.0s
[DEBUG-TTS] synth_azure text='没有漂亮的装修，只有一块自己写的小招牌。' len=20 key_len=84 region='southeastasia'
[DEBUG-TTS] synth_azure goi voice='zh-CN-Xiaoyue:DragonHDOmniLatestNeural' region='southeastasia' url='https://southeastasia.tts.speech.microsoft.com/cognitiveservices/v1'
[DEBUG-TTS] synth_azure nhan duoc 20592 bytes
  [49/98] sentence      4.0s
[DEBUG-TTS] synth_azure text='开张那天，第一杯茶，她递给了林悦。' len=17 key_len=84 region='southeastasia'
[DEBUG-TTS] synth_azure goi voice='zh-CN-Xiaoyue:DragonHDOmniLatestNeural' region='southeastasia' url='https://southeastasia.tts.speech.microsoft.com/cognitiveservices/v1'
[DEBUG-TTS] synth_azure nhan duoc 23760 bytes
  [50/98] sentence      4.6s
[DEBUG-TTS] synth_azure text='她说："第一杯，给你。这次的味道，是我自己的。"' len=24 key_len=84 region='southeastasia'
[DEBUG-TTS] synth_azure goi voice='zh-CN-Xiaoyue:DragonHDOmniLatestNeural' region='southeastasia' url='https://southeastasia.tts.speech.microsoft.com/cognitiveservices/v1'
[DEBUG-TTS] synth_azure nhan duoc 27072 bytes
  [51/98] sentence      5.2s
[DEBUG-TTS] synth_azure text='苏晓雨的故事，总让我想起一片烧过的草地。' len=20 key_len=84 region='southeastasia'
[DEBUG-TTS] synth_azure goi voice='zh-CN-Xiaoyue:DragonHDOmniLatestNeural' region='southeastasia' url='https://southeastasia.tts.speech.microsoft.com/cognitiveservices/v1'
[DEBUG-TTS] synth_azure nhan duoc 23472 bytes
  [52/98] sentence      4.5s
[DEBUG-TTS] synth_azure text='你见过火烧过的田野吗？' len=11 key_len=84 region='southeastasia'
[DEBUG-TTS] synth_azure goi voice='zh-CN-Xiaoyue:DragonHDOmniLatestNeural' region='southeastasia' url='https://southeastasia.tts.speech.microsoft.com/cognitiveservices/v1'
[DEBUG-TTS] synth_azure nhan duoc 14976 bytes
  [53/98] sentence      3.3s
[DEBUG-TTS] synth_azure text='大火过去以后，土地一片焦黑（烧得又黑又干）。' len=22 key_len=84 region='southeastasia'
[DEBUG-TTS] synth_azure goi voice='zh-CN-Xiaoyue:DragonHDOmniLatestNeural' region='southeastasia' url='https://southeastasia.tts.speech.microsoft.com/cognitiveservices/v1'
[DEBUG-TTS] synth_azure nhan duoc 26064 bytes
  [54/98] sentence      5.0s
[DEBUG-TTS] synth_azure text='草没有了，花没有了，连虫子的声音也没有了。' len=21 key_len=84 region='southeastasia'
[DEBUG-TTS] synth_azure goi voice='zh-CN-Xiaoyue:DragonHDOmniLatestNeural' region='southeastasia' url='https://southeastasia.tts.speech.microsoft.com/cognitiveservices/v1'
[DEBUG-TTS] synth_azure nhan duoc 25056 bytes
  [55/98] sentence      4.8s
[DEBUG-TTS] synth_azure text='风一吹，只有灰在空中飞。' len=12 key_len=84 region='southeastasia'
[DEBUG-TTS] synth_azure goi voice='zh-CN-Xiaoyue:DragonHDOmniLatestNeural' region='southeastasia' url='https://southeastasia.tts.speech.microsoft.com/cognitiveservices/v1'
[DEBUG-TTS] synth_azure nhan duoc 15984 bytes
  [56/98] sentence      3.2s
[DEBUG-TTS] synth_azure text='站在那里，你会觉得：这片土地已经死了。' len=19 key_len=84 region='southeastasia'
[DEBUG-TTS] synth_azure goi voice='zh-CN-Xiaoyue:DragonHDOmniLatestNeural' region='southeastasia' url='https://southeastasia.tts.speech.microsoft.com/cognitiveservices/v1'
[DEBUG-TTS] synth_azure nhan duoc 27072 bytes
  [57/98] sentence      5.2s
[DEBUG-TTS] synth_azure text='黑色盖住了一切，好像春天再也不会来了。' len=19 key_len=84 region='southeastasia'
[DEBUG-TTS] synth_azure goi voice='zh-CN-Xiaoyue:DragonHDOmniLatestNeural' region='southeastasia' url='https://southeastasia.tts.speech.microsoft.com/cognitiveservices/v1'
[DEBUG-TTS] synth_azure nhan duoc 20880 bytes
  [58/98] sentence      4.1s
[DEBUG-TTS] synth_azure text='可是，土地自己不这么想。' len=12 key_len=84 region='southeastasia'
[DEBUG-TTS] synth_azure goi voice='zh-CN-Xiaoyue:DragonHDOmniLatestNeural' region='southeastasia' url='https://southeastasia.tts.speech.microsoft.com/cognitiveservices/v1'
[DEBUG-TTS] synth_azure nhan duoc 16560 bytes
  [59/98] sentence      3.3s
[DEBUG-TTS] synth_azure text='它不慌，因为它知道自己藏了什么。' len=16 key_len=84 region='southeastasia'
[DEBUG-TTS] synth_azure goi voice='zh-CN-Xiaoyue:DragonHDOmniLatestNeural' region='southeastasia' url='https://southeastasia.tts.speech.microsoft.com/cognitiveservices/v1'
[DEBUG-TTS] synth_azure nhan duoc 21888 bytes
  [60/98] sentence      4.2s
[DEBUG-TTS] synth_azure text='草的根还活着，它们在黑暗的泥土里，安安静静地等。' len=24 key_len=84 region='southeastasia'
[DEBUG-TTS] synth_azure goi voice='zh-CN-Xiaoyue:DragonHDOmniLatestNeural' region='southeastasia' url='https://southeastasia.tts.speech.microsoft.com/cognitiveservices/v1'
[DEBUG-TTS] synth_azure nhan duoc 26784 bytes
  [61/98] sentence      5.1s
[DEBUG-TTS] synth_azure text='等一场雨。' len=5 key_len=84 region='southeastasia'
[DEBUG-TTS] synth_azure goi voice='zh-CN-Xiaoyue:DragonHDOmniLatestNeural' region='southeastasia' url='https://southeastasia.tts.speech.microsoft.com/cognitiveservices/v1'
[DEBUG-TTS] synth_azure nhan duoc 11952 bytes
  [62/98] sentence      2.4s
[DEBUG-TTS] synth_azure text='它们不着急，也不解释，只是等。' len=15 key_len=84 region='southeastasia'
[DEBUG-TTS] synth_azure goi voice='zh-CN-Xiaoyue:DragonHDOmniLatestNeural' region='southeastasia' url='https://southeastasia.tts.speech.microsoft.com/cognitiveservices/v1'
[DEBUG-TTS] synth_azure nhan duoc 19440 bytes
  [63/98] sentence      3.8s
[DEBUG-TTS] synth_azure text='雨水一落下来，几天之内，嫩绿的草芽就从灰烬（东西烧完剩下的灰）里钻了出来。' len=37 key_len=84 region='southeastasia'
[DEBUG-TTS] synth_azure goi voice='zh-CN-Xiaoyue:DragonHDOmniLatestNeural' region='southeastasia' url='https://southeastasia.tts.speech.microsoft.com/cognitiveservices/v1'
[DEBUG-TTS] synth_azure nhan duoc 40032 bytes
  [64/98] sentence      7.5s
[DEBUG-TTS] synth_azure text='而且你知道吗？烧过的土地，反而更肥。' len=18 key_len=84 region='southeastasia'
[DEBUG-TTS] synth_azure goi voice='zh-CN-Xiaoyue:DragonHDOmniLatestNeural' region='southeastasia' url='https://southeastasia.tts.speech.microsoft.com/cognitiveservices/v1'
[DEBUG-TTS] synth_azure nhan duoc 19872 bytes
  [65/98] sentence      4.0s
[DEBUG-TTS] synth_azure text='那些灰，会变成新草的养分。' len=13 key_len=84 region='southeastasia'
[DEBUG-TTS] synth_azure goi voice='zh-CN-Xiaoyue:DragonHDOmniLatestNeural' region='southeastasia' url='https://southeastasia.tts.speech.microsoft.com/cognitiveservices/v1'
[DEBUG-TTS] synth_azure nhan duoc 15552 bytes
  [66/98] sentence      3.1s
[DEBUG-TTS] synth_azure text='被烧掉的一切，都没有白白消失。' len=15 key_len=84 region='southeastasia'
[DEBUG-TTS] synth_azure goi voice='zh-CN-Xiaoyue:DragonHDOmniLatestNeural' region='southeastasia' url='https://southeastasia.tts.speech.microsoft.com/cognitiveservices/v1'
[DEBUG-TTS] synth_azure nhan duoc 17856 bytes
  [67/98] sentence      3.5s
[DEBUG-TTS] synth_azure text='第二年春天，这里的绿色，常常比别处更深。' len=20 key_len=84 region='southeastasia'
[DEBUG-TTS] synth_azure goi voice='zh-CN-Xiaoyue:DragonHDOmniLatestNeural' region='southeastasia' url='https://southeastasia.tts.speech.microsoft.com/cognitiveservices/v1'
[DEBUG-TTS] synth_azure nhan duoc 24048 bytes
  [68/98] sentence      4.6s
[DEBUG-TTS] synth_azure text='路过的人只看见新绿，土地却记得那场大火。' len=20 key_len=84 region='southeastasia'
[DEBUG-TTS] synth_azure goi voice='zh-CN-Xiaoyue:DragonHDOmniLatestNeural' region='southeastasia' url='https://southeastasia.tts.speech.microsoft.com/cognitiveservices/v1'
[DEBUG-TTS] synth_azure nhan duoc 24048 bytes
  [69/98] sentence      4.6s
[DEBUG-TTS] synth_azure text='人，也是一样。' len=7 key_len=84 region='southeastasia'
[DEBUG-TTS] synth_azure goi voice='zh-CN-Xiaoyue:DragonHDOmniLatestNeural' region='southeastasia' url='https://southeastasia.tts.speech.microsoft.com/cognitiveservices/v1'
[DEBUG-TTS] synth_azure nhan duoc 9360 bytes
  [70/98] sentence      2.0s
[DEBUG-TTS] synth_azure text='失败烧掉的，是你的面子、你的存款、你的骄傲。' len=22 key_len=84 region='southeastasia'
[DEBUG-TTS] synth_azure goi voice='zh-CN-Xiaoyue:DragonHDOmniLatestNeural' region='southeastasia' url='https://southeastasia.tts.speech.microsoft.com/cognitiveservices/v1'
[DEBUG-TTS] synth_azure nhan duoc 26640 bytes
  [71/98] sentence      5.1s
[DEBUG-TTS] synth_azure text='可是它烧不掉你的根——你学到的东西，你吃过的苦，你终于看清的自己。' len=33 key_len=84 region='southeastasia'
[DEBUG-TTS] synth_azure goi voice='zh-CN-Xiaoyue:DragonHDOmniLatestNeural' region='southeastasia' url='https://southeastasia.tts.speech.microsoft.com/cognitiveservices/v1'
[DEBUG-TTS] synth_azure nhan duoc 36432 bytes
  [72/98] sentence      7.0s
[DEBUG-TTS] synth_azure text='从零开始，不是回到原点，而是带着经验重新出发。' len=23 key_len=84 region='southeastasia'
[DEBUG-TTS] synth_azure goi voice='zh-CN-Xiaoyue:DragonHDOmniLatestNeural' region='southeastasia' url='https://southeastasia.tts.speech.microsoft.com/cognitiveservices/v1'
[DEBUG-TTS] synth_azure nhan duoc 26352 bytes
  [73/98] sentence      5.0s
[DEBUG-TTS] synth_azure text='从零开始，不是失去了一切，而是终于放下了那些不属于你的东西。' len=30 key_len=84 region='southeastasia'
[DEBUG-TTS] synth_azure goi voice='zh-CN-Xiaoyue:DragonHDOmniLatestNeural' region='southeastasia' url='https://southeastasia.tts.speech.microsoft.com/cognitiveservices/v1'
[DEBUG-TTS] synth_azure nhan duoc 32400 bytes
  [74/98] sentence      6.1s
[DEBUG-TTS] synth_azure text='从零开始，不是命运给你的惩罚，而是土地在为下一个春天准备养分。' len=31 key_len=84 region='southeastasia'
[DEBUG-TTS] synth_azure goi voice='zh-CN-Xiaoyue:DragonHDOmniLatestNeural' region='southeastasia' url='https://southeastasia.tts.speech.microsoft.com/cognitiveservices/v1'
[DEBUG-TTS] synth_azure nhan duoc 35136 bytes
  [75/98] sentence      6.6s
[DEBUG-TTS] synth_azure text='所以，别怕那个看起来什么都没有的零。' len=18 key_len=84 region='southeastasia'
[DEBUG-TTS] synth_azure goi voice='zh-CN-Xiaoyue:DragonHDOmniLatestNeural' region='southeastasia' url='https://southeastasia.tts.speech.microsoft.com/cognitiveservices/v1'
[DEBUG-TTS] synth_azure nhan duoc 24480 bytes
  [76/98] sentence      5.1s
[DEBUG-TTS] synth_azure text='零的下面，藏着你全部的根。' len=13 key_len=84 region='southeastasia'
[DEBUG-TTS] synth_azure goi voice='zh-CN-Xiaoyue:DragonHDOmniLatestNeural' region='southeastasia' url='https://southeastasia.tts.speech.microsoft.com/cognitiveservices/v1'
[DEBUG-TTS] synth_azure nhan duoc 16272 bytes
  [77/98] sentence      3.2s
[DEBUG-TTS] synth_azure text='那么，此刻站在零上的你，可以做什么呢？' len=19 key_len=84 region='southeastasia'
[DEBUG-TTS] synth_azure goi voice='zh-CN-Xiaoyue:DragonHDOmniLatestNeural' region='southeastasia' url='https://southeastasia.tts.speech.microsoft.com/cognitiveservices/v1'
[DEBUG-TTS] synth_azure nhan duoc 26928 bytes
  [78/98] sentence      5.5s
[DEBUG-TTS] synth_azure text='这里有四个小小的建议，送给你。' len=15 key_len=84 region='southeastasia'
[DEBUG-TTS] synth_azure goi voice='zh-CN-Xiaoyue:DragonHDOmniLatestNeural' region='southeastasia' url='https://southeastasia.tts.speech.microsoft.com/cognitiveservices/v1'
[DEBUG-TTS] synth_azure nhan duoc 15696 bytes
  [79/98] sentence      3.1s
[DEBUG-TTS] synth_azure text='第一，先允许自己难过几天。' len=13 key_len=84 region='southeastasia'
[DEBUG-TTS] synth_azure goi voice='zh-CN-Xiaoyue:DragonHDOmniLatestNeural' region='southeastasia' url='https://southeastasia.tts.speech.microsoft.com/cognitiveservices/v1'
[DEBUG-TTS] synth_azure nhan duoc 19872 bytes
  [80/98] sentence      4.5s
[DEBUG-TTS] synth_azure text='火刚烧过的土地需要冷却，人也需要。' len=17 key_len=84 region='southeastasia'
[DEBUG-TTS] synth_azure goi voice='zh-CN-Xiaoyue:DragonHDOmniLatestNeural' region='southeastasia' url='https://southeastasia.tts.speech.microsoft.com/cognitiveservices/v1'
[DEBUG-TTS] synth_azure nhan duoc 20448 bytes
  [81/98] sentence      4.0s
[DEBUG-TTS] synth_azure text='难过不是软弱，那是心在慢慢整理自己。' len=18 key_len=84 region='southeastasia'
[DEBUG-TTS] synth_azure goi voice='zh-CN-Xiaoyue:DragonHDOmniLatestNeural' region='southeastasia' url='https://southeastasia.tts.speech.microsoft.com/cognitiveservices/v1'
[DEBUG-TTS] synth_azure nhan duoc 27504 bytes
  [82/98] sentence      6.1s
[DEBUG-TTS] synth_azure text='哭一场，睡一觉，这都不丢人。' len=14 key_len=84 region='southeastasia'
[DEBUG-TTS] synth_azure goi voice='zh-CN-Xiaoyue:DragonHDOmniLatestNeural' region='southeastasia' url='https://southeastasia.tts.speech.microsoft.com/cognitiveservices/v1'
[DEBUG-TTS] synth_azure nhan duoc 18576 bytes
  [83/98] sentence      4.2s
[DEBUG-TTS] synth_azure text='第二，像苏晓雨一样，诚实地问自己一次：我到底输在哪里？' len=27 key_len=84 region='southeastasia'
[DEBUG-TTS] synth_azure goi voice='zh-CN-Xiaoyue:DragonHDOmniLatestNeural' region='southeastasia' url='https://southeastasia.tts.speech.microsoft.com/cognitiveservices/v1'
[DEBUG-TTS] synth_azure nhan duoc 34848 bytes
  [84/98] sentence      6.9s
[DEBUG-TTS] synth_azure text='把答案写下来，哪怕它让你脸红。' len=15 key_len=84 region='southeastasia'
[DEBUG-TTS] synth_azure goi voice='zh-CN-Xiaoyue:DragonHDOmniLatestNeural' region='southeastasia' url='https://southeastasia.tts.speech.microsoft.com/cognitiveservices/v1'
[DEBUG-TTS] synth_azure nhan duoc 22176 bytes
  [85/98] sentence      4.3s
[DEBUG-TTS] synth_azure text='输在配方，就去学配方；输在性格，就去磨性格。' len=22 key_len=84 region='southeastasia'
[DEBUG-TTS] synth_azure goi voice='zh-CN-Xiaoyue:DragonHDOmniLatestNeural' region='southeastasia' url='https://southeastasia.tts.speech.microsoft.com/cognitiveservices/v1'
[DEBUG-TTS] synth_azure nhan duoc 24768 bytes
  [86/98] sentence      4.8s
[DEBUG-TTS] synth_azure text='那张纸，就是你新的地图。' len=12 key_len=84 region='southeastasia'
[DEBUG-TTS] synth_azure goi voice='zh-CN-Xiaoyue:DragonHDOmniLatestNeural' region='southeastasia' url='https://southeastasia.tts.speech.microsoft.com/cognitiveservices/v1'
[DEBUG-TTS] synth_azure nhan duoc 15264 bytes
  [87/98] sentence      3.0s
[DEBUG-TTS] synth_azure text='第三，从最小、最笨的那一步开始。' len=16 key_len=84 region='southeastasia'
[DEBUG-TTS] synth_azure goi voice='zh-CN-Xiaoyue:DragonHDOmniLatestNeural' region='southeastasia' url='https://southeastasia.tts.speech.microsoft.com/cognitiveservices/v1'
[DEBUG-TTS] synth_azure nhan duoc 18576 bytes
  [88/98] sentence      3.6s
[DEBUG-TTS] synth_azure text='去学一门课，去洗三个月的杯子，去记满一个笔记本。' len=24 key_len=84 region='southeastasia'
[DEBUG-TTS] synth_azure goi voice='zh-CN-Xiaoyue:DragonHDOmniLatestNeural' region='southeastasia' url='https://southeastasia.tts.speech.microsoft.com/cognitiveservices/v1'
[DEBUG-TTS] synth_azure nhan duoc 25632 bytes
  [89/98] sentence      4.9s
[DEBUG-TTS] synth_azure text='没有人看见的那几个月，恰恰是最重要的那几个月。' len=23 key_len=84 region='southeastasia'
[DEBUG-TTS] synth_azure goi voice='zh-CN-Xiaoyue:DragonHDOmniLatestNeural' region='southeastasia' url='https://southeastasia.tts.speech.microsoft.com/cognitiveservices/v1'
[DEBUG-TTS] synth_azure nhan duoc 25776 bytes
  [90/98] sentence      5.0s
[DEBUG-TTS] synth_azure text='根，都是在黑暗里慢慢长出来的。' len=15 key_len=84 region='southeastasia'
[DEBUG-TTS] synth_azure goi voice='zh-CN-Xiaoyue:DragonHDOmniLatestNeural' region='southeastasia' url='https://southeastasia.tts.speech.microsoft.com/cognitiveservices/v1'
[DEBUG-TTS] synth_azure nhan duoc 17280 bytes
  [91/98] sentence      3.4s
[DEBUG-TTS] synth_azure text='你现在走的每一小步，都会在春天算数。' len=18 key_len=84 region='southeastasia'
[DEBUG-TTS] synth_azure goi voice='zh-CN-Xiaoyue:DragonHDOmniLatestNeural' region='southeastasia' url='https://southeastasia.tts.speech.microsoft.com/cognitiveservices/v1'
[DEBUG-TTS] synth_azure nhan duoc 21168 bytes
  [92/98] sentence      4.1s
[DEBUG-TTS] synth_azure text='第四，留住那一两个愿意等你的人。' len=16 key_len=84 region='southeastasia'
[DEBUG-TTS] synth_azure goi voice='zh-CN-Xiaoyue:DragonHDOmniLatestNeural' region='southeastasia' url='https://southeastasia.tts.speech.microsoft.com/cognitiveservices/v1'
[DEBUG-TTS] synth_azure nhan duoc 23760 bytes
  [93/98] sentence      4.6s
[DEBUG-TTS] synth_azure text='一碗热饺子，有时候比一百句道理更有用。' len=19 key_len=84 region='southeastasia'
[DEBUG-TTS] synth_azure goi voice='zh-CN-Xiaoyue:DragonHDOmniLatestNeural' region='southeastasia' url='https://southeastasia.tts.speech.microsoft.com/cognitiveservices/v1'
[DEBUG-TTS] synth_azure nhan duoc 19872 bytes
  [94/98] sentence      3.9s
[DEBUG-TTS] synth_azure text='真正的朋友，看的不是你的店，而是你这个人。' len=21 key_len=84 region='southeastasia'
[DEBUG-TTS] synth_azure goi voice='zh-CN-Xiaoyue:DragonHDOmniLatestNeural' region='southeastasia' url='https://southeastasia.tts.speech.microsoft.com/cognitiveservices/v1'
[DEBUG-TTS] synth_azure nhan duoc 23760 bytes
  [95/98] sentence      4.6s
[DEBUG-TTS] synth_azure text='别因为觉得丢脸，就把爱你的人关在门外。' len=19 key_len=84 region='southeastasia'
[DEBUG-TTS] synth_azure goi voice='zh-CN-Xiaoyue:DragonHDOmniLatestNeural' region='southeastasia' url='https://southeastasia.tts.speech.microsoft.com/cognitiveservices/v1'
[DEBUG-TTS] synth_azure nhan duoc 23040 bytes
  [96/98] sentence      4.5s
[DEBUG-TTS] synth_azure text='亲爱的你，如果你现在正站在一片焦黑的土地上——' len=23 key_len=84 region='southeastasia'
[DEBUG-TTS] synth_azure goi voice='zh-CN-Xiaoyue:DragonHDOmniLatestNeural' region='southeastasia' url='https://southeastasia.tts.speech.microsoft.com/cognitiveservices/v1'
[DEBUG-TTS] synth_azure nhan duoc 30816 bytes
  [97/98] sentence      6.2s
[DEBUG-TTS] synth_azure text='请你记住：看起来的结束，不一定是真的结束。' len=21 key_len=84 region='southeastasia'
[DEBUG-TTS] synth_azure goi voice='zh-CN-Xiaoyue:DragonHDOmniLatestNeural' region='southeastasia' url='https://southeastasia.tts.speech.microsoft.com/cognitiveservices/v1'
[DEBUG-TTS] synth_azure nhan duoc 25056 bytes
  [98/98] sentence      4.8s
   + Intro 10.0s -> da dich timestamp

✅ XONG: /Users/nhatnv/project/tool-multi-lang/output/How_to_Start_From_Zero_1785047389815.mp4
   Thoi luong: 469.7s
   Thumbnail: How_to_Start_From_Zero_1785047389815.thumb.jpg
[DEBUG-TTS] raw voice='azure:zh-CN-Yunfan:DragonHDLatestNeural' engine='azure' vname='zh-CN-Yunfan:DragonHDLatestNeural' eleven_voice='' eleven_model='eleven_multilingual_v2'
>> Bai 1: Keep Going — 86 doan
   Co chu cau (dong nhat): 100px
  [BG] 1 nguồn nền (1 ảnh + 0 video) — chia đều theo thời lượng
[DEBUG-TTS] synth_azure text='你有没有走过一条很长很长的路？' len=15 key_len=84 region='southeastasia'
[DEBUG-TTS] synth_azure goi voice='zh-CN-Yunfan:DragonHDLatestNeural' region='southeastasia' url='https://southeastasia.tts.speech.microsoft.com/cognitiveservices/v1'
[DEBUG-TTS] synth_azure nhan duoc 21168 bytes
  [01/86] sentence      4.5s
[DEBUG-TTS] synth_azure text='走到一半，你回头看，起点已经看不见了。' len=19 key_len=84 region='southeastasia'
[DEBUG-TTS] synth_azure goi voice='zh-CN-Yunfan:DragonHDLatestNeural' region='southeastasia' url='https://southeastasia.tts.speech.microsoft.com/cognitiveservices/v1'
[DEBUG-TTS] synth_azure nhan duoc 19152 bytes
  [02/86] sentence      3.8s
[DEBUG-TTS] synth_azure text='往前看，终点也看不见。' len=11 key_len=84 region='southeastasia'
[DEBUG-TTS] synth_azure goi voice='zh-CN-Yunfan:DragonHDLatestNeural' region='southeastasia' url='https://southeastasia.tts.speech.microsoft.com/cognitiveservices/v1'
[DEBUG-TTS] synth_azure nhan duoc 12384 bytes
  [03/86] sentence      2.5s
[DEBUG-TTS] synth_azure text='天很大，路很安静，只剩下你自己的脚步声。' len=20 key_len=84 region='southeastasia'
[DEBUG-TTS] synth_azure goi voice='zh-CN-Yunfan:DragonHDLatestNeural' region='southeastasia' url='https://southeastasia.tts.speech.microsoft.com/cognitiveservices/v1'
[DEBUG-TTS] synth_azure nhan duoc 30960 bytes
  [04/86] sentence      5.9s
[DEBUG-TTS] synth_azure text='最难受的就是这个中间的地方：退回去舍不得，走下去又好累。' len=28 key_len=84 region='southeastasia'
[DEBUG-TTS] synth_azure goi voice='zh-CN-Yunfan:DragonHDLatestNeural' region='southeastasia' url='https://southeastasia.tts.speech.microsoft.com/cognitiveservices/v1'
[DEBUG-TTS] synth_azure nhan duoc 37440 bytes
  [05/86] sentence      7.1s
[DEBUG-TTS] synth_azure text='很多人，就是在这里停下来的。' len=14 key_len=84 region='southeastasia'
[DEBUG-TTS] synth_azure goi voice='zh-CN-Yunfan:DragonHDLatestNeural' region='southeastasia' url='https://southeastasia.tts.speech.microsoft.com/cognitiveservices/v1'
[DEBUG-TTS] synth_azure nhan duoc 13392 bytes
  [06/86] sentence      2.7s
[DEBUG-TTS] synth_azure text='他们不是不努力，只是在最累的那一刻，看不见前面的光。' len=26 key_len=84 region='southeastasia'
[DEBUG-TTS] synth_azure goi voice='zh-CN-Yunfan:DragonHDLatestNeural' region='southeastasia' url='https://southeastasia.tts.speech.microsoft.com/cognitiveservices/v1'
[DEBUG-TTS] synth_azure nhan duoc 30528 bytes
  [07/86] sentence      5.8s
[DEBUG-TTS] synth_azure text='如果你现在正走在这样一条路上，这一集，是写给你的。' len=25 key_len=84 region='southeastasia'
[DEBUG-TTS] synth_azure goi voice='zh-CN-Yunfan:DragonHDLatestNeural' region='southeastasia' url='https://southeastasia.tts.speech.microsoft.com/cognitiveservices/v1'
[DEBUG-TTS] synth_azure nhan duoc 28080 bytes
  [08/86] sentence      5.9s
[DEBUG-TTS] synth_azure text='可是你知道吗？大部分人放弃的时候，其实已经离终点很近了。' len=28 key_len=84 region='southeastasia'
[DEBUG-TTS] synth_azure goi voice='zh-CN-Yunfan:DragonHDLatestNeural' region='southeastasia' url='https://southeastasia.tts.speech.microsoft.com/cognitiveservices/v1'
[DEBUG-TTS] synth_azure nhan duoc 33264 bytes
  [09/86] sentence      6.4s
[DEBUG-TTS] synth_azure text='夜最黑的时候，往往就是快要天亮的时候。' len=19 key_len=84 region='southeastasia'
[DEBUG-TTS] synth_azure goi voice='zh-CN-Yunfan:DragonHDLatestNeural' region='southeastasia' url='https://southeastasia.tts.speech.microsoft.com/cognitiveservices/v1'
[DEBUG-TTS] synth_azure nhan duoc 21168 bytes
  [10/86] sentence      4.1s
[DEBUG-TTS] synth_azure text='你觉得自己还在原地，其实你的脚，早就把你带出了很远。' len=26 key_len=84 region='southeastasia'
[DEBUG-TTS] synth_azure goi voice='zh-CN-Yunfan:DragonHDLatestNeural' region='southeastasia' url='https://southeastasia.tts.speech.microsoft.com/cognitiveservices/v1'
[DEBUG-TTS] synth_azure nhan duoc 30816 bytes
  [11/86] sentence      5.9s
[DEBUG-TTS] raw voice='azure:zh-CN-Yunfan:DragonHDLatestNeural' engine='azure' vname='zh-CN-Yunfan:DragonHDLatestNeural' eleven_voice='' eleven_model='eleven_multilingual_v2'
>> Bai 1: Keep Going — 86 doan
   Co chu cau (dong nhat): 100px
  [BG] 1 nguồn nền (1 ảnh + 0 video) — chia đều theo thời lượng
  [01/86] sentence      4.5s
  [02/86] sentence      3.8s
  [03/86] sentence      2.5s
  [04/86] sentence      5.9s
  [05/86] sentence      7.1s
  [06/86] sentence      2.7s
  [07/86] sentence      5.8s
  [08/86] sentence      5.9s
  [09/86] sentence      6.4s
  [10/86] sentence      4.1s
  [11/86] sentence      5.9s
[DEBUG-TTS] synth_azure text='所以今天，我只想对你说一句很简单的话：走下去就会到。' len=26 key_len=84 region='southeastasia'
[DEBUG-TTS] synth_azure goi voice='zh-CN-Yunfan:DragonHDLatestNeural' region='southeastasia' url='https://southeastasia.tts.speech.microsoft.com/cognitiveservices/v1'
[DEBUG-TTS] synth_azure nhan duoc 32400 bytes
  [12/86] sentence      6.2s
[DEBUG-TTS] synth_azure text='不是跑得快才会到，是不停下来才会到。' len=18 key_len=84 region='southeastasia'
[DEBUG-TTS] synth_azure goi voice='zh-CN-Yunfan:DragonHDLatestNeural' region='southeastasia' url='https://southeastasia.tts.speech.microsoft.com/cognitiveservices/v1'
[DEBUG-TTS] synth_azure nhan duoc 24480 bytes
  [13/86] sentence      4.7s
[DEBUG-TTS] synth_azure text='因为最难的从来不是开始，而是在中间的时候，不停下来。' len=26 key_len=84 region='southeastasia'
[DEBUG-TTS] synth_azure goi voice='zh-CN-Yunfan:DragonHDLatestNeural' region='southeastasia' url='https://southeastasia.tts.speech.microsoft.com/cognitiveservices/v1'
[DEBUG-TTS] synth_azure nhan duoc 29520 bytes
  [14/86] sentence      6.1s
[DEBUG-TTS] synth_azure text='陈亮今年二十一岁，大三，是那种从来不运动的男生。' len=24 key_len=84 region='southeastasia'
[DEBUG-TTS] synth_azure goi voice='zh-CN-Yunfan:DragonHDLatestNeural' region='southeastasia' url='https://southeastasia.tts.speech.microsoft.com/cognitiveservices/v1'
[DEBUG-TTS] synth_azure nhan duoc 29520 bytes
  [15/86] sentence      5.6s
[DEBUG-TTS] synth_azure text='他的生活很简单：宿舍、教室、食堂，还有手机。' len=22 key_len=84 region='southeastasia'
[DEBUG-TTS] synth_azure goi voice='zh-CN-Yunfan:DragonHDLatestNeural' region='southeastasia' url='https://southeastasia.tts.speech.microsoft.com/cognitiveservices/v1'
[DEBUG-TTS] synth_azure nhan duoc 27936 bytes
  [16/86] sentence      5.3s
[DEBUG-TTS] synth_azure text='那天晚上，宿舍里大家聊起周末的篮球赛。' len=19 key_len=84 region='southeastasia'
[DEBUG-TTS] synth_azure goi voice='zh-CN-Yunfan:DragonHDLatestNeural' region='southeastasia' url='https://southeastasia.tts.speech.microsoft.com/cognitiveservices/v1'
[DEBUG-TTS] synth_azure nhan duoc 25344 bytes
  [17/86] sentence      4.9s
[DEBUG-TTS] synth_azure text='室友阿凯笑着说："别叫陈亮了，他上个三楼都要喘半天。"' len=27 key_len=84 region='southeastasia'
[DEBUG-TTS] synth_azure goi voice='zh-CN-Yunfan:DragonHDLatestNeural' region='southeastasia' url='https://southeastasia.tts.speech.microsoft.com/cognitiveservices/v1'
[DEBUG-TTS] synth_azure nhan duoc 35424 bytes
  [18/86] sentence      6.7s
[DEBUG-TTS] synth_azure text='大家都笑了，陈亮也跟着笑，可是心里像被什么东西扎了一下。' len=28 key_len=84 region='southeastasia'
[DEBUG-TTS] synth_azure goi voice='zh-CN-Yunfan:DragonHDLatestNeural' region='southeastasia' url='https://southeastasia.tts.speech.microsoft.com/cognitiveservices/v1'
[DEBUG-TTS] synth_azure nhan duoc 33120 bytes
  [19/86] sentence      6.0s
[DEBUG-TTS] synth_azure text='那天夜里，他躺在床上，翻来翻去睡不着。' len=19 key_len=84 region='southeastasia'
[DEBUG-TTS] synth_azure goi voice='zh-CN-Yunfan:DragonHDLatestNeural' region='southeastasia' url='https://southeastasia.tts.speech.microsoft.com/cognitiveservices/v1'
[DEBUG-TTS] synth_azure nhan duoc 19728 bytes
  [20/86] sentence      3.9s
[DEBUG-TTS] synth_azure text='他生气的不是阿凯，而是那个连自己都看不起自己的自己。' len=26 key_len=84 region='southeastasia'
[DEBUG-TTS] synth_azure goi voice='zh-CN-Yunfan:DragonHDLatestNeural' region='southeastasia' url='https://southeastasia.tts.speech.microsoft.com/cognitiveservices/v1'
[DEBUG-TTS] synth_azure nhan duoc 28080 bytes
  [21/86] sentence      5.4s
[DEBUG-TTS] synth_azure text='凌晨一点，他做了一个连自己都吓一跳的决定：' len=21 key_len=84 region='southeastasia'
[DEBUG-TTS] synth_azure goi voice='zh-CN-Yunfan:DragonHDLatestNeural' region='southeastasia' url='https://southeastasia.tts.speech.microsoft.com/cognitiveservices/v1'
[DEBUG-TTS] synth_azure nhan duoc 22032 bytes
  [22/86] sentence      4.3s
[DEBUG-TTS] synth_azure text='他想证明的不是给别人看，是给自己看。' len=18 key_len=84 region='southeastasia'
[DEBUG-TTS] synth_azure goi voice='zh-CN-Yunfan:DragonHDLatestNeural' region='southeastasia' url='https://southeastasia.tts.speech.microsoft.com/cognitiveservices/v1'
[DEBUG-TTS] synth_azure nhan duoc 24480 bytes
  [23/86] sentence      5.2s
[DEBUG-TTS] synth_azure text='第二天早上六点，他站在操场上，跑了人生第一个两公里。' len=26 key_len=84 region='southeastasia'
[DEBUG-TTS] synth_azure goi voice='zh-CN-Yunfan:DragonHDLatestNeural' region='southeastasia' url='https://southeastasia.tts.speech.microsoft.com/cognitiveservices/v1'
[DEBUG-TTS] synth_azure nhan duoc 27936 bytes
  [24/86] sentence      5.3s
[DEBUG-TTS] synth_azure text='跑完他扶着栏杆，喘得说不出话，脸白得像纸。' len=21 key_len=84 region='southeastasia'
[DEBUG-TTS] synth_azure goi voice='zh-CN-Yunfan:DragonHDLatestNeural' region='southeastasia' url='https://southeastasia.tts.speech.microsoft.com/cognitiveservices/v1'
[DEBUG-TTS] synth_azure nhan duoc 22464 bytes
  [25/86] sentence      4.4s
[DEBUG-TTS] synth_azure text='可是他没有笑自己，他在手机上认真记下：第一天，两公里。' len=27 key_len=84 region='southeastasia'
[DEBUG-TTS] synth_azure goi voice='zh-CN-Yunfan:DragonHDLatestNeural' region='southeastasia' url='https://southeastasia.tts.speech.microsoft.com/cognitiveservices/v1'
[DEBUG-TTS] synth_azure nhan duoc 34128 bytes
  [26/86] sentence      6.5s
[DEBUG-TTS] synth_azure text='从那天起，每天早上六点，操场上多了一个跑得很慢的身影。' len=27 key_len=84 region='southeastasia'
[DEBUG-TTS] synth_azure goi voice='zh-CN-Yunfan:DragonHDLatestNeural' region='southeastasia' url='https://southeastasia.tts.speech.microsoft.com/cognitiveservices/v1'
[DEBUG-TTS] synth_azure nhan duoc 36000 bytes
  [27/86] sentence      6.8s
[DEBUG-TTS] synth_azure text='下雨的时候他去，考试周他去，被窝再暖他也去。' len=22 key_len=84 region='southeastasia'
[DEBUG-TTS] synth_azure goi voice='zh-CN-Yunfan:DragonHDLatestNeural' region='southeastasia' url='https://southeastasia.tts.speech.microsoft.com/cognitiveservices/v1'
[DEBUG-TTS] synth_azure nhan duoc 26640 bytes
  [28/86] sentence      5.1s
[DEBUG-TTS] synth_azure text='三公里，五公里，八公里，十公里。' len=16 key_len=84 region='southeastasia'
[DEBUG-TTS] synth_azure goi voice='zh-CN-Yunfan:DragonHDLatestNeural' region='southeastasia' url='https://southeastasia.tts.speech.microsoft.com/cognitiveservices/v1'
[DEBUG-TTS] synth_azure nhan duoc 17280 bytes
  [29/86] sentence      3.4s
[DEBUG-TTS] synth_azure text='数字慢慢变大，他也在悄悄变成另一个人。' len=19 key_len=84 region='southeastasia'
[DEBUG-TTS] synth_azure goi voice='zh-CN-Yunfan:DragonHDLatestNeural' region='southeastasia' url='https://southeastasia.tts.speech.microsoft.com/cognitiveservices/v1'
[DEBUG-TTS] synth_azure nhan duoc 19728 bytes
  [30/86] sentence      4.4s
[DEBUG-TTS] synth_azure text='比赛那天早上，天刚亮，起点站满了人。' len=18 key_len=84 region='southeastasia'
[DEBUG-TTS] synth_azure goi voice='zh-CN-Yunfan:DragonHDLatestNeural' region='southeastasia' url='https://southeastasia.tts.speech.microsoft.com/cognitiveservices/v1'
[DEBUG-TTS] synth_azure nhan duoc 24336 bytes
  [31/86] sentence      4.7s
[DEBUG-TTS] synth_azure text='陈亮站在人群的最后面，心跳得很快。' len=17 key_len=84 region='southeastasia'
[DEBUG-TTS] synth_azure goi voice='zh-CN-Yunfan:DragonHDLatestNeural' region='southeastasia' url='https://southeastasia.tts.speech.microsoft.com/cognitiveservices/v1'
[DEBUG-TTS] synth_azure nhan duoc 21312 bytes
  [32/86] sentence      4.1s
[DEBUG-TTS] synth_azure text='前面十公里，他跑得比想象中顺利。' len=16 key_len=84 region='southeastasia'
[DEBUG-TTS] synth_azure goi voice='zh-CN-Yunfan:DragonHDLatestNeural' region='southeastasia' url='https://southeastasia.tts.speech.microsoft.com/cognitiveservices/v1'
[DEBUG-TTS] synth_azure nhan duoc 17136 bytes
  [33/86] sentence      3.4s
[DEBUG-TTS] synth_azure text='十五公里以后，他的腿开始变重，像绑上了沙子。' len=22 key_len=84 region='southeastasia'
[DEBUG-TTS] synth_azure goi voice='zh-CN-Yunfan:DragonHDLatestNeural' region='southeastasia' url='https://southeastasia.tts.speech.microsoft.com/cognitiveservices/v1'
[DEBUG-TTS] synth_azure nhan duoc 24336 bytes
  [34/86] sentence      4.7s
[DEBUG-TTS] synth_azure text='到第十八公里，他的右腿突然抽筋了（肌肉突然缩紧，非常疼）。' len=29 key_len=84 region='southeastasia'
[DEBUG-TTS] synth_azure goi voice='zh-CN-Yunfan:DragonHDLatestNeural' region='southeastasia' url='https://southeastasia.tts.speech.microsoft.com/cognitiveservices/v1'
[DEBUG-TTS] synth_azure nhan duoc 33552 bytes
  [35/86] sentence      6.4s
[DEBUG-TTS] synth_azure text='他停在路边，疼得弯下腰，汗一滴一滴掉在地上。' len=22 key_len=84 region='southeastasia'
[DEBUG-TTS] synth_azure goi voice='zh-CN-Yunfan:DragonHDLatestNeural' region='southeastasia' url='https://southeastasia.tts.speech.microsoft.com/cognitiveservices/v1'
[DEBUG-TTS] synth_azure nhan duoc 29232 bytes
  [36/86] sentence      5.6s
[DEBUG-TTS] synth_azure text='收队的车就在不远的地方，慢慢地跟着。' len=18 key_len=84 region='southeastasia'
[DEBUG-TTS] synth_azure goi voice='zh-CN-Yunfan:DragonHDLatestNeural' region='southeastasia' url='https://southeastasia.tts.speech.microsoft.com/cognitiveservices/v1'
[DEBUG-TTS] synth_azure nhan duoc 20880 bytes
  [37/86] sentence      4.1s
[DEBUG-TTS] synth_azure text='他心里有个声音说：上车吧，没有人会怪你，你已经很努力了。' len=28 key_len=84 region='southeastasia'
[DEBUG-TTS] synth_azure goi voice='zh-CN-Yunfan:DragonHDLatestNeural' region='southeastasia' url='https://southeastasia.tts.speech.microsoft.com/cognitiveservices/v1'
[DEBUG-TTS] synth_azure nhan duoc 39744 bytes
  [38/86] sentence      7.5s
[DEBUG-TTS] synth_azure text='就在这时，一个戴蓝帽子的中年跑者慢慢跑到他身边，放慢了脚步。' len=30 key_len=84 region='southeastasia'
[DEBUG-TTS] synth_azure goi voice='zh-CN-Yunfan:DragonHDLatestNeural' region='southeastasia' url='https://southeastasia.tts.speech.microsoft.com/cognitiveservices/v1'
[DEBUG-TTS] synth_azure nhan duoc 41040 bytes
  [39/86] sentence      7.7s
[DEBUG-TTS] synth_azure text='他问陈亮是不是第一次跑，陈亮点点头，疼得说不出话。' len=25 key_len=84 region='southeastasia'
[DEBUG-TTS] synth_azure goi voice='zh-CN-Yunfan:DragonHDLatestNeural' region='southeastasia' url='https://southeastasia.tts.speech.microsoft.com/cognitiveservices/v1'
[DEBUG-TTS] synth_azure nhan duoc 36432 bytes
  [40/86] sentence      6.9s
[DEBUG-TTS] synth_azure text='那个人说："我叫老周，跑了十年了。别停，跑不动就慢慢走，走下去就会到。"' len=36 key_len=84 region='southeastasia'
[DEBUG-TTS] synth_azure goi voice='zh-CN-Yunfan:DragonHDLatestNeural' region='southeastasia' url='https://southeastasia.tts.speech.microsoft.com/cognitiveservices/v1'
[DEBUG-TTS] synth_azure nhan duoc 36432 bytes
  [41/86] sentence      6.9s
[DEBUG-TTS] synth_azure text='老周陪着他，一步一步，从走路，到慢慢的小跑。' len=22 key_len=84 region='southeastasia'
[DEBUG-TTS] synth_azure goi voice='zh-CN-Yunfan:DragonHDLatestNeural' region='southeastasia' url='https://southeastasia.tts.speech.microsoft.com/cognitiveservices/v1'
[DEBUG-TTS] synth_azure nhan duoc 28368 bytes
  [42/86] sentence      5.4s
[DEBUG-TTS] synth_azure text='路过补给站（比赛路上提供水和食物的地方）时，老周递给他半瓶水。' len=31 key_len=84 region='southeastasia'
[DEBUG-TTS] synth_azure goi voice='zh-CN-Yunfan:DragonHDLatestNeural' region='southeastasia' url='https://southeastasia.tts.speech.microsoft.com/cognitiveservices/v1'
[DEBUG-TTS] synth_azure nhan duoc 40752 bytes
  [43/86] sentence      7.7s
[DEBUG-TTS] synth_azure text='老周指着前面说："看见那个转弯了吗？最难的这三公里，你已经在走了。"' len=34 key_len=84 region='southeastasia'
[DEBUG-TTS] synth_azure goi voice='zh-CN-YunjianNeural' region='southeastasia' url='https://southeastasia.tts.speech.microsoft.com/cognitiveservices/v1'
[DEBUG-TTS] synth_azure nhan duoc 49248 bytes
  [44/86] sentence      8.5s
[DEBUG-TTS] synth_azure text='陈亮咬着牙，眼睛盯着那个转弯，一步，又一步。' len=22 key_len=84 region='southeastasia'
[DEBUG-TTS] synth_azure goi voice='zh-CN-Yunfan:DragonHDLatestNeural' region='southeastasia' url='https://southeastasia.tts.speech.microsoft.com/cognitiveservices/v1'
[DEBUG-TTS] synth_azure nhan duoc 27360 bytes
  [45/86] sentence      5.2s
[DEBUG-TTS] synth_azure text='第十九公里，第二十公里，腿还在疼，可是心不慌了。' len=24 key_len=84 region='southeastasia'
[DEBUG-TTS] synth_azure goi voice='zh-CN-Yunfan:DragonHDLatestNeural' region='southeastasia' url='https://southeastasia.tts.speech.microsoft.com/cognitiveservices/v1'
[DEBUG-TTS] synth_azure nhan duoc 28656 bytes
  [46/86] sentence      5.5s
[DEBUG-TTS] synth_azure text='终点出现的那一刻，他的眼睛一下子就热了。' len=20 key_len=84 region='southeastasia'
[DEBUG-TTS] synth_azure goi voice='zh-CN-Yunfan:DragonHDLatestNeural' region='southeastasia' url='https://southeastasia.tts.speech.microsoft.com/cognitiveservices/v1'
[DEBUG-TTS] synth_azure nhan duoc 20592 bytes
  [47/86] sentence      4.0s
[DEBUG-TTS] synth_azure text='他冲过终点线，排名几乎是最后，成绩慢得不好意思说。' len=25 key_len=84 region='southeastasia'
[DEBUG-TTS] synth_azure goi voice='zh-CN-Yunfan:DragonHDLatestNeural' region='southeastasia' url='https://southeastasia.tts.speech.microsoft.com/cognitiveservices/v1'
[DEBUG-TTS] synth_azure nhan duoc 30240 bytes
  [48/86] sentence      5.8s
[DEBUG-TTS] synth_azure text='可是他弯着腰，笑着对自己说："我到了。"' len=20 key_len=84 region='southeastasia'
[DEBUG-TTS] synth_azure goi voice='zh-CN-Yunfan:DragonHDLatestNeural' region='southeastasia' url='https://southeastasia.tts.speech.microsoft.com/cognitiveservices/v1'
[DEBUG-TTS] synth_azure nhan duoc 26640 bytes
  [49/86] sentence      5.1s
[DEBUG-TTS] synth_azure text='那天晚上，他在朋友圈只写了一句话：二十一公里，我没有停。' len=28 key_len=84 region='southeastasia'
[DEBUG-TTS] synth_azure goi voice='zh-CN-Yunfan:DragonHDLatestNeural' region='southeastasia' url='https://southeastasia.tts.speech.microsoft.com/cognitiveservices/v1'
[DEBUG-TTS] synth_azure nhan duoc 34848 bytes
  [50/86] sentence      7.1s
[DEBUG-TTS] synth_azure text='你看那条河，它其实是世界上最会"走下去"的东西。' len=24 key_len=84 region='southeastasia'
[DEBUG-TTS] synth_azure goi voice='zh-CN-Yunfan:DragonHDLatestNeural' region='southeastasia' url='https://southeastasia.tts.speech.microsoft.com/cognitiveservices/v1'
[DEBUG-TTS] synth_azure nhan duoc 27360 bytes
  [51/86] sentence      5.2s
[DEBUG-TTS] synth_azure text='它从很高的山上出发，一路上全是麻烦。' len=18 key_len=84 region='southeastasia'
[DEBUG-TTS] synth_azure goi voice='zh-CN-Yunfan:DragonHDLatestNeural' region='southeastasia' url='https://southeastasia.tts.speech.microsoft.com/cognitiveservices/v1'
[DEBUG-TTS] synth_azure nhan duoc 21888 bytes
  [52/86] sentence      4.2s
[DEBUG-TTS] synth_azure text='遇到大山，它不跟山吵架，它绕过去。' len=17 key_len=84 region='southeastasia'
[DEBUG-TTS] synth_azure goi voice='zh-CN-Yunfan:DragonHDLatestNeural' region='southeastasia' url='https://southeastasia.tts.speech.microsoft.com/cognitiveservices/v1'
[DEBUG-TTS] synth_azure nhan duoc 19152 bytes
  [53/86] sentence      3.7s
[DEBUG-TTS] synth_azure text='遇到石头，它不跟石头硬碰，它转个弯。' len=18 key_len=84 region='southeastasia'
[DEBUG-TTS] synth_azure goi voice='zh-CN-Yunfan:DragonHDLatestNeural' region='southeastasia' url='https://southeastasia.tts.speech.microsoft.com/cognitiveservices/v1'
[DEBUG-TTS] synth_azure nhan duoc 23760 bytes
  [54/86] sentence      4.6s
[DEBUG-TTS] synth_azure text='遇到很深的低谷，它就先把自己慢慢装满，再继续往前流。' len=26 key_len=84 region='southeastasia'
[DEBUG-TTS] synth_azure goi voice='zh-CN-Yunfan:DragonHDLatestNeural' region='southeastasia' url='https://southeastasia.tts.speech.microsoft.com/cognitiveservices/v1'
[DEBUG-TTS] synth_azure nhan duoc 26640 bytes
  [55/86] sentence      5.1s
[DEBUG-TTS] synth_azure text='它走得不快，也常常走得不直。' len=14 key_len=84 region='southeastasia'
[DEBUG-TTS] synth_azure goi voice='zh-CN-Yunfan:DragonHDLatestNeural' region='southeastasia' url='https://southeastasia.tts.speech.microsoft.com/cognitiveservices/v1'
[DEBUG-TTS] synth_azure nhan duoc 20016 bytes
  [56/86] sentence      3.9s
[DEBUG-TTS] synth_azure text='没有人给它加油，也没有人为它鼓掌，它还是安安静静地流。' len=27 key_len=84 region='southeastasia'
[DEBUG-TTS] synth_azure goi voice='zh-CN-Yunfan:DragonHDLatestNeural' region='southeastasia' url='https://southeastasia.tts.speech.microsoft.com/cognitiveservices/v1'
[DEBUG-TTS] synth_azure nhan duoc 35856 bytes
  [57/86] sentence      7.3s
[DEBUG-TTS] synth_azure text='可是它有一个别人没有的本事：它从来不往回流，也从来不真正停下来。' len=32 key_len=84 region='southeastasia'
[DEBUG-TTS] synth_azure goi voice='zh-CN-Yunfan:DragonHDLatestNeural' region='southeastasia' url='https://southeastasia.tts.speech.microsoft.com/cognitiveservices/v1'
[DEBUG-TTS] synth_azure nhan duoc 44784 bytes
  [58/86] sentence      8.4s
[DEBUG-TTS] synth_azure text='所以不管路有多远、多弯，它最后总能到大海。' len=21 key_len=84 region='southeastasia'
[DEBUG-TTS] synth_azure goi voice='zh-CN-Yunfan:DragonHDLatestNeural' region='southeastasia' url='https://southeastasia.tts.speech.microsoft.com/cognitiveservices/v1'
[DEBUG-TTS] synth_azure nhan duoc 25488 bytes
  [59/86] sentence      4.9s
[DEBUG-TTS] synth_azure text='河从来不问"我什么时候才能到"，它只是今天流一点，明天再流一点。' len=32 key_len=84 region='southeastasia'
[DEBUG-TTS] synth_azure goi voice='zh-CN-Yunfan:DragonHDLatestNeural' region='southeastasia' url='https://southeastasia.tts.speech.microsoft.com/cognitiveservices/v1'
[DEBUG-TTS] synth_azure nhan duoc 40464 bytes
  [60/86] sentence      7.6s
[DEBUG-TTS] synth_azure text='中文里有个词，叫百川归海（所有的河，最后都会流进大海）。' len=28 key_len=84 region='southeastasia'
[DEBUG-TTS] synth_azure goi voice='zh-CN-Yunfan:DragonHDLatestNeural' region='southeastasia' url='https://southeastasia.tts.speech.microsoft.com/cognitiveservices/v1'
[DEBUG-TTS] synth_azure nhan duoc 30528 bytes
  [61/86] sentence      5.8s
[DEBUG-TTS] synth_azure text='人也是一样的。' len=7 key_len=84 region='southeastasia'
[DEBUG-TTS] synth_azure goi voice='zh-CN-Yunfan:DragonHDLatestNeural' region='southeastasia' url='https://southeastasia.tts.speech.microsoft.com/cognitiveservices/v1'
[DEBUG-TTS] synth_azure nhan duoc 8064 bytes
  [62/86] sentence      1.7s
[DEBUG-TTS] synth_azure text='你的生活里也有山，也有石头：一次失败的考试，一份被拒绝的简历，一句让你难过的话。' len=40 key_len=84 region='southeastasia'
[DEBUG-TTS] synth_azure goi voice='zh-CN-Yunfan:DragonHDLatestNeural' region='southeastasia' url='https://southeastasia.tts.speech.microsoft.com/cognitiveservices/v1'
[DEBUG-TTS] synth_azure nhan duoc 65232 bytes
  [63/86] sentence     14.0s
[DEBUG-TTS] synth_azure text='你可以难过，可以绕路，甚至可以停下来休息一会儿。' len=24 key_len=84 region='southeastasia'
[DEBUG-TTS] synth_azure goi voice='zh-CN-Yunfan:DragonHDLatestNeural' region='southeastasia' url='https://southeastasia.tts.speech.microsoft.com/cognitiveservices/v1'
[DEBUG-TTS] synth_azure nhan duoc 40608 bytes
  [64/86] sentence      8.8s
[DEBUG-TTS] synth_azure text='但请你记住河的样子：休息是为了继续，不是为了放弃。' len=25 key_len=84 region='southeastasia'
[DEBUG-TTS] synth_azure goi voice='zh-CN-Yunfan:DragonHDLatestNeural' region='southeastasia' url='https://southeastasia.tts.speech.microsoft.com/cognitiveservices/v1'
[DEBUG-TTS] synth_azure nhan duoc 40176 bytes
  [65/86] sentence      8.2s
[DEBUG-TTS] synth_azure text='你不需要一条直直的路，你只需要一个不回头的方向。' len=24 key_len=84 region='southeastasia'
[DEBUG-TTS] synth_azure goi voice='zh-CN-Yunfan:DragonHDLatestNeural' region='southeastasia' url='https://southeastasia.tts.speech.microsoft.com/cognitiveservices/v1'
[DEBUG-TTS] synth_azure nhan duoc 28368 bytes
  [66/86] sentence      5.4s
[DEBUG-TTS] synth_azure text='慢没有关系，绕路也没有关系，只要你还在往前，海就在前面等你。' len=30 key_len=84 region='southeastasia'
[DEBUG-TTS] synth_azure goi voice='zh-CN-Yunfan:DragonHDLatestNeural' region='southeastasia' url='https://southeastasia.tts.speech.microsoft.com/cognitiveservices/v1'
[DEBUG-TTS] synth_azure nhan duoc 43920 bytes
  [67/86] sentence      8.7s
[DEBUG-TTS] synth_azure text='那具体应该怎么做呢？送你三个小方法。' len=18 key_len=84 region='southeastasia'
[DEBUG-TTS] synth_azure goi voice='zh-CN-Yunfan:DragonHDLatestNeural' region='southeastasia' url='https://southeastasia.tts.speech.microsoft.com/cognitiveservices/v1'
[DEBUG-TTS] synth_azure nhan duoc 18576 bytes
  [68/86] sentence      3.8s
[DEBUG-TTS] synth_azure text='第一，把大目标切成小段。' len=12 key_len=84 region='southeastasia'
[DEBUG-TTS] synth_azure goi voice='zh-CN-Yunfan:DragonHDLatestNeural' region='southeastasia' url='https://southeastasia.tts.speech.microsoft.com/cognitiveservices/v1'
[DEBUG-TTS] synth_azure nhan duoc 14544 bytes
  [69/86] sentence      2.9s
[DEBUG-TTS] synth_azure text='不要想"还有十公里"，只想"跑到前面那棵树"。' len=23 key_len=84 region='southeastasia'
[DEBUG-TTS] synth_azure goi voice='zh-CN-Yunfan:DragonHDLatestNeural' region='southeastasia' url='https://southeastasia.tts.speech.microsoft.com/cognitiveservices/v1'
[DEBUG-TTS] synth_azure nhan duoc 25632 bytes
  [70/86] sentence      4.9s
[DEBUG-TTS] synth_azure text='到了那棵树，再找下一棵。' len=12 key_len=84 region='southeastasia'
[DEBUG-TTS] synth_azure goi voice='zh-CN-Yunfan:DragonHDLatestNeural' region='southeastasia' url='https://southeastasia.tts.speech.microsoft.com/cognitiveservices/v1'
[DEBUG-TTS] synth_azure nhan duoc 21024 bytes
  [71/86] sentence      4.1s
[DEBUG-TTS] synth_azure text='路是一小段一小段走完的，不是一口气走完的。' len=21 key_len=84 region='southeastasia'
[DEBUG-TTS] synth_azure goi voice='zh-CN-Yunfan:DragonHDLatestNeural' region='southeastasia' url='https://southeastasia.tts.speech.microsoft.com/cognitiveservices/v1'
[DEBUG-TTS] synth_azure nhan duoc 25056 bytes
  [72/86] sentence      4.8s
[DEBUG-TTS] synth_azure text='第二，在最想放弃的时候，先再坚持十分钟。' len=20 key_len=84 region='southeastasia'
[DEBUG-TTS] synth_azure goi voice='zh-CN-Yunfan:DragonHDLatestNeural' region='southeastasia' url='https://southeastasia.tts.speech.microsoft.com/cognitiveservices/v1'
[DEBUG-TTS] synth_azure nhan duoc 27360 bytes
  [73/86] sentence      5.2s
[DEBUG-TTS] synth_azure text='不是坚持到底，只是十分钟。' len=13 key_len=84 region='southeastasia'
[DEBUG-TTS] synth_azure goi voice='zh-CN-Yunfan:DragonHDLatestNeural' region='southeastasia' url='https://southeastasia.tts.speech.microsoft.com/cognitiveservices/v1'
[DEBUG-TTS] synth_azure nhan duoc 13248 bytes
  [74/86] sentence      2.7s
[DEBUG-TTS] synth_azure text='你会发现，最难受的感觉，常常过一会儿就退了，像潮水一样。' len=28 key_len=84 region='southeastasia'
[DEBUG-TTS] synth_azure goi voice='zh-CN-Yunfan:DragonHDLatestNeural' region='southeastasia' url='https://southeastasia.tts.speech.microsoft.com/cognitiveservices/v1'
[DEBUG-TTS] synth_azure nhan duoc 31536 bytes
  [75/86] sentence      6.0s
[DEBUG-TTS] synth_azure text='挺过那十分钟，你就又赢了自己一次。' len=17 key_len=84 region='southeastasia'
[DEBUG-TTS] synth_azure goi voice='zh-CN-Yunfan:DragonHDLatestNeural' region='southeastasia' url='https://southeastasia.tts.speech.microsoft.com/cognitiveservices/v1'
[DEBUG-TTS] synth_azure nhan duoc 17856 bytes
  [76/86] sentence      3.5s
[DEBUG-TTS] synth_azure text='第三，记录你已经走过的路，而不是只看还剩多远。' len=23 key_len=84 region='southeastasia'
[DEBUG-TTS] synth_azure goi voice='zh-CN-Yunfan:DragonHDLatestNeural' region='southeastasia' url='https://southeastasia.tts.speech.microsoft.com/cognitiveservices/v1'
[DEBUG-TTS] synth_azure nhan duoc 42192 bytes
  [77/86] sentence      7.9s
[DEBUG-TTS] synth_azure text='翻一翻三个月前的自己，你会吓一跳：原来我已经走了这么远。' len=28 key_len=84 region='southeastasia'
[DEBUG-TTS] synth_azure goi voice='zh-CN-Yunfan:DragonHDLatestNeural' region='southeastasia' url='https://southeastasia.tts.speech.microsoft.com/cognitiveservices/v1'
[DEBUG-TTS] synth_azure nhan duoc 31248 bytes
  [78/86] sentence      5.9s
[DEBUG-TTS] synth_azure text='走过的每一步都算数，它们不会消失，都存在你的身体和心里。' len=28 key_len=84 region='southeastasia'
[DEBUG-TTS] synth_azure goi voice='zh-CN-Yunfan:DragonHDLatestNeural' region='southeastasia' url='https://southeastasia.tts.speech.microsoft.com/cognitiveservices/v1'
[DEBUG-TTS] synth_azure nhan duoc 39600 bytes
  [79/86] sentence      7.5s
[DEBUG-TTS] synth_azure text='这三个方法都不难，难的是每天做一点点，做很久。' len=23 key_len=84 region='southeastasia'
[DEBUG-TTS] synth_azure goi voice='zh-CN-Yunfan:DragonHDLatestNeural' region='southeastasia' url='https://southeastasia.tts.speech.microsoft.com/cognitiveservices/v1'
[DEBUG-TTS] synth_azure nhan duoc 31824 bytes
  [80/86] sentence      6.5s
[DEBUG-TTS] synth_azure text='最后，我想请你相信三件事。' len=13 key_len=84 region='southeastasia'
[DEBUG-TTS] synth_azure goi voice='zh-CN-Yunfan:DragonHDLatestNeural' region='southeastasia' url='https://southeastasia.tts.speech.microsoft.com/cognitiveservices/v1'
[DEBUG-TTS] synth_azure nhan duoc 16848 bytes
  [81/86] sentence      3.3s
[DEBUG-TTS] synth_azure text='相信慢慢走的人，也在前进。' len=13 key_len=84 region='southeastasia'
[DEBUG-TTS] synth_azure goi voice='zh-CN-Yunfan:DragonHDLatestNeural' region='southeastasia' url='https://southeastasia.tts.speech.microsoft.com/cognitiveservices/v1'
[DEBUG-TTS] synth_azure nhan duoc 15840 bytes
  [82/86] sentence      3.2s
[DEBUG-TTS] synth_azure text='相信你今天流的汗，正在悄悄变成明天的力气。' len=21 key_len=84 region='southeastasia'
[DEBUG-TTS] synth_azure goi voice='zh-CN-Yunfan:DragonHDLatestNeural' region='southeastasia' url='https://southeastasia.tts.speech.microsoft.com/cognitiveservices/v1'
[DEBUG-TTS] synth_azure nhan duoc 24624 bytes
  [83/86] sentence      4.7s
[DEBUG-TTS] synth_azure text='相信那个还没到的终点，它不会跑，它一直在原地等你。' len=25 key_len=84 region='southeastasia'
[DEBUG-TTS] synth_azure goi voice='zh-CN-Yunfan:DragonHDLatestNeural' region='southeastasia' url='https://southeastasia.tts.speech.microsoft.com/cognitiveservices/v1'
[DEBUG-TTS] synth_azure nhan duoc 31536 bytes
  [84/86] sentence      6.0s
[DEBUG-TTS] synth_azure text='相信时间，它记得你每一次安静的努力。' len=18 key_len=84 region='southeastasia'
[DEBUG-TTS] synth_azure goi voice='zh-CN-Yunfan:DragonHDLatestNeural' region='southeastasia' url='https://southeastasia.tts.speech.microsoft.com/cognitiveservices/v1'
[DEBUG-TTS] synth_azure nhan duoc 24048 bytes
  [85/86] sentence      4.6s
[DEBUG-TTS] synth_azure text='相信自己：你比你想象的走得更远，也离终点更近。' len=23 key_len=84 region='southeastasia'
[DEBUG-TTS] synth_azure goi voice='zh-CN-Yunfan:DragonHDLatestNeural' region='southeastasia' url='https://southeastasia.tts.speech.microsoft.com/cognitiveservices/v1'
[DEBUG-TTS] synth_azure nhan duoc 37008 bytes
  [86/86] sentence      7.5s
   + Intro 10.0s -> da dich timestamp

✅ XONG: /Users/nhatnv/project/tool-multi-lang/output/Keep_Going_1785048095590.mp4
   Thoi luong: 484.7s
   Thumbnail: Keep_Going_1785048095590.thumb.jpg
[DEBUG-TTS] raw voice='azure:zh-CN-XiaoxiaoMultilingualNeural' engine='azure' vname='zh-CN-XiaoxiaoMultilingualNeural' eleven_voice='' eleven_model='eleven_multilingual_v2'
>> Bai 1: One Percent Better Every Day — 103 doan
   Co chu cau (dong nhat): 100px
  [BG] 1 nguồn nền (1 ảnh + 0 video) — chia đều theo thời lượng
[DEBUG-TTS] synth_azure text='深夜十一点，城市慢慢安静下来。' len=15 key_len=84 region='southeastasia'
[DEBUG-TTS] synth_azure goi voice='zh-CN-XiaoxiaoMultilingualNeural' region='southeastasia' url='https://southeastasia.tts.speech.microsoft.com/cognitiveservices/v1'
[DEBUG-TTS] synth_azure nhan duoc 26496 bytes
  [01/103] sentence      4.7s
[DEBUG-TTS] synth_azure text='你房间里的闹钟还在走，秒针一格一格地往前跳。' len=22 key_len=84 region='southeastasia'
[DEBUG-TTS] synth_azure goi voice='zh-CN-XiaoxiaoMultilingualNeural' region='southeastasia' url='https://southeastasia.tts.speech.microsoft.com/cognitiveservices/v1'
[DEBUG-TTS] synth_azure nhan duoc 31968 bytes
  [02/103] sentence      5.6s
[DEBUG-TTS] synth_azure text='没有人听见它，它也不着急。' len=13 key_len=84 region='southeastasia'
[DEBUG-TTS] synth_azure goi voice='zh-CN-XiaoxiaoMultilingualNeural' region='southeastasia' url='https://southeastasia.tts.speech.microsoft.com/cognitiveservices/v1'
[DEBUG-TTS] synth_azure nhan duoc 20592 bytes
  [03/103] sentence      3.7s
[DEBUG-TTS] synth_azure text='可就是这一格一格，把你从今年，送到了明年。' len=21 key_len=84 region='southeastasia'
[DEBUG-TTS] synth_azure goi voice='zh-CN-XiaoxiaoMultilingualNeural' region='southeastasia' url='https://southeastasia.tts.speech.microsoft.com/cognitiveservices/v1'
[DEBUG-TTS] synth_azure nhan duoc 31392 bytes
  [04/103] sentence      5.5s
[DEBUG-TTS] synth_azure text='今天，我想跟你聊一句很小很小的话：每天好一点点。' len=24 key_len=84 region='southeastasia'
[DEBUG-TTS] synth_azure goi voice='zh-CN-XiaoxiaoMultilingualNeural' region='southeastasia' url='https://southeastasia.tts.speech.microsoft.com/cognitiveservices/v1'
[DEBUG-TTS] synth_azure nhan duoc 32256 bytes
  [05/103] sentence      5.7s
[DEBUG-TTS] synth_azure text='它听起来太普通了，普通得像一句随口的安慰。' len=21 key_len=84 region='southeastasia'
[DEBUG-TTS] synth_azure goi voice='zh-CN-XiaoxiaoMultilingualNeural' region='southeastasia' url='https://southeastasia.tts.speech.microsoft.com/cognitiveservices/v1'
[DEBUG-TTS] synth_azure nhan duoc 30672 bytes
  [06/103] sentence      5.4s
[DEBUG-TTS] synth_azure text='我们总以为，改变应该是一件很大的事。' len=18 key_len=84 region='southeastasia'
[DEBUG-TTS] synth_azure goi voice='zh-CN-XiaoxiaoMultilingualNeural' region='southeastasia' url='https://southeastasia.tts.speech.microsoft.com/cognitiveservices/v1'
[DEBUG-TTS] synth_azure nhan duoc 26496 bytes
  [07/103] sentence      4.7s
[DEBUG-TTS] synth_azure text='应该有一个重要的决定，一个难忘的夜晚，一次彻底的重新开始。' len=29 key_len=84 region='southeastasia'
[DEBUG-TTS] synth_azure goi voice='zh-CN-XiaoxiaoMultilingualNeural' region='southeastasia' url='https://southeastasia.tts.speech.microsoft.com/cognitiveservices/v1'
[DEBUG-TTS] synth_azure nhan duoc 41040 bytes
  [08/103] sentence      7.1s
[DEBUG-TTS] synth_azure text='可是真正改变一个人的，往往不是某一天，而是每一天。' len=25 key_len=84 region='southeastasia'
[DEBUG-TTS] synth_azure goi voice='zh-CN-XiaoxiaoMultilingualNeural' region='southeastasia' url='https://southeastasia.tts.speech.microsoft.com/cognitiveservices/v1'
[DEBUG-TTS] synth_azure nhan duoc 33984 bytes
  [09/103] sentence      6.0s
[DEBUG-TTS] synth_azure text='不是很多，只是一点点。' len=11 key_len=84 region='southeastasia'
[DEBUG-TTS] synth_azure goi voice='zh-CN-XiaoxiaoMultilingualNeural' region='southeastasia' url='https://southeastasia.tts.speech.microsoft.com/cognitiveservices/v1'
[DEBUG-TTS] synth_azure nhan duoc 18144 bytes
  [10/103] sentence      3.3s
[DEBUG-TTS] synth_azure text='就像秒针，没有人为它鼓掌，它却从来不缺席。' len=21 key_len=84 region='southeastasia'
[DEBUG-TTS] synth_azure goi voice='zh-CN-XiaoxiaoMultilingualNeural' region='southeastasia' url='https://southeastasia.tts.speech.microsoft.com/cognitiveservices/v1'
[DEBUG-TTS] synth_azure nhan duoc 31392 bytes
  [11/103] sentence      5.5s
[DEBUG-TTS] synth_azure text='一年有三百六十五天。' len=10 key_len=84 region='southeastasia'
[DEBUG-TTS] synth_azure goi voice='zh-CN-XiaoxiaoMultilingualNeural' region='southeastasia' url='https://southeastasia.tts.speech.microsoft.com/cognitiveservices/v1'
[DEBUG-TTS] synth_azure nhan duoc 19584 bytes
  [12/103] sentence      3.6s
[DEBUG-TTS] synth_azure text='如果你每天只好百分之一，你几乎感觉不到。' len=20 key_len=84 region='southeastasia'
[DEBUG-TTS] synth_azure goi voice='zh-CN-XiaoxiaoMultilingualNeural' region='southeastasia' url='https://southeastasia.tts.speech.microsoft.com/cognitiveservices/v1'
[DEBUG-TTS] synth_azure nhan duoc 28368 bytes
  [13/103] sentence      5.0s
[DEBUG-TTS] synth_azure text='可是这些看不见的百分之一，会安安静静地叠在一起。' len=24 key_len=84 region='southeastasia'
[DEBUG-TTS] synth_azure goi voice='zh-CN-XiaoxiaoMultilingualNeural' region='southeastasia' url='https://southeastasia.tts.speech.microsoft.com/cognitiveservices/v1'
[DEBUG-TTS] synth_azure nhan duoc 33264 bytes
  [14/103] sentence      5.8s
[DEBUG-TTS] synth_azure text='到了年底，它们会还给你一个完全不同的自己。' len=21 key_len=84 region='southeastasia'
[DEBUG-TTS] synth_azure goi voice='zh-CN-XiaoxiaoMultilingualNeural' region='southeastasia' url='https://southeastasia.tts.speech.microsoft.com/cognitiveservices/v1'
[DEBUG-TTS] synth_azure nhan duoc 30240 bytes
  [15/103] sentence      5.3s
[DEBUG-TTS] synth_azure text='十八岁也好，二十四岁也好，你可能常常觉得自己已经晚了。' len=27 key_len=84 region='southeastasia'
[DEBUG-TTS] synth_azure goi voice='zh-CN-XiaoxiaoMultilingualNeural' region='southeastasia' url='https://southeastasia.tts.speech.microsoft.com/cognitiveservices/v1'
[DEBUG-TTS] synth_azure nhan duoc 36864 bytes
  [16/103] sentence      6.4s
[DEBUG-TTS] synth_azure text='别人好像都跑得很快，只有你还站在起点。' len=19 key_len=84 region='southeastasia'
[DEBUG-TTS] synth_azure goi voice='zh-CN-XiaoxiaoMultilingualNeural' region='southeastasia' url='https://southeastasia.tts.speech.microsoft.com/cognitiveservices/v1'
[DEBUG-TTS] synth_azure nhan duoc 27504 bytes
  [17/103] sentence      4.9s
[DEBUG-TTS] synth_azure text='可是请你相信：起点晚，不可怕；可怕的是一直不出发。' len=25 key_len=84 region='southeastasia'
[DEBUG-TTS] synth_azure goi voice='zh-CN-XiaoxiaoMultilingualNeural' region='southeastasia' url='https://southeastasia.tts.speech.microsoft.com/cognitiveservices/v1'
[DEBUG-TTS] synth_azure nhan duoc 38304 bytes
  [18/103] sentence      6.7s
[DEBUG-TTS] synth_azure text='慢，不等于停；小，不等于没有。' len=15 key_len=84 region='southeastasia'
[DEBUG-TTS] synth_azure goi voice='zh-CN-XiaoxiaoMultilingualNeural' region='southeastasia' url='https://southeastasia.tts.speech.microsoft.com/cognitiveservices/v1'
[DEBUG-TTS] synth_azure nhan duoc 24912 bytes
  [19/103] sentence      4.5s
[DEBUG-TTS] synth_azure text='改变从来不喊口号，它只是每天到场。' len=17 key_len=84 region='southeastasia'
[DEBUG-TTS] synth_azure goi voice='zh-CN-XiaoxiaoMultilingualNeural' region='southeastasia' url='https://southeastasia.tts.speech.microsoft.com/cognitiveservices/v1'
[DEBUG-TTS] synth_azure nhan duoc 28512 bytes
  [20/103] sentence      5.1s
[DEBUG-TTS] synth_azure text='我想给你讲讲何俊的故事。' len=12 key_len=84 region='southeastasia'
[DEBUG-TTS] synth_azure goi voice='zh-CN-XiaoxiaoMultilingualNeural' region='southeastasia' url='https://southeastasia.tts.speech.microsoft.com/cognitiveservices/v1'
[DEBUG-TTS] synth_azure nhan duoc 20016 bytes
  [21/103] sentence      3.6s
[DEBUG-TTS] synth_azure text='何俊二十岁，大二，住在学校外面一间小小的出租屋里。' len=25 key_len=84 region='southeastasia'
[DEBUG-TTS] synth_azure goi voice='zh-CN-XiaoxiaoMultilingualNeural' region='southeastasia' url='https://southeastasia.tts.speech.microsoft.com/cognitiveservices/v1'
[DEBUG-TTS] synth_azure nhan duoc 37152 bytes
  [22/103] sentence      6.5s
[DEBUG-TTS] synth_azure text='白天上课，晚上在一家奶茶店打工，十点才下班。' len=22 key_len=84 region='southeastasia'
[DEBUG-TTS] synth_azure goi voice='zh-CN-XiaoxiaoMultilingualNeural' region='southeastasia' url='https://southeastasia.tts.speech.microsoft.com/cognitiveservices/v1'
[DEBUG-TTS] synth_azure nhan duoc 33840 bytes
  [23/103] sentence      5.9s
[DEBUG-TTS] synth_azure text='那年春天，他用三百块钱，买了一把二手吉他。' len=21 key_len=84 region='southeastasia'
[DEBUG-TTS] synth_azure goi voice='zh-CN-XiaoxiaoMultilingualNeural' region='southeastasia' url='https://southeastasia.tts.speech.microsoft.com/cognitiveservices/v1'
[DEBUG-TTS] synth_azure nhan duoc 32688 bytes
  [24/103] sentence      5.7s
[DEBUG-TTS] synth_azure text='琴身上有几道划痕，弦也旧了，可他抱着它，心跳得很快。' len=26 key_len=84 region='southeastasia'
[DEBUG-TTS] synth_azure goi voice='zh-CN-XiaoxiaoMultilingualNeural' region='southeastasia' url='https://southeastasia.tts.speech.microsoft.com/cognitiveservices/v1'
[DEBUG-TTS] synth_azure nhan duoc 38160 bytes
  [25/103] sentence      6.7s
[DEBUG-TTS] synth_azure text='他给自己定了一个很小的规矩：每天晚上，只练十五分钟。' len=26 key_len=84 region='southeastasia'
[DEBUG-TTS] synth_azure goi voice='zh-CN-XiaoxiaoMultilingualNeural' region='southeastasia' url='https://southeastasia.tts.speech.microsoft.com/cognitiveservices/v1'
[DEBUG-TTS] synth_azure nhan duoc 37296 bytes
  [26/103] sentence      6.5s
[DEBUG-TTS] synth_azure text='下班回来，再累，也要摸一摸琴。' len=15 key_len=84 region='southeastasia'
[DEBUG-TTS] synth_azure goi voice='zh-CN-XiaoxiaoMultilingualNeural' region='southeastasia' url='https://southeastasia.tts.speech.microsoft.com/cognitiveservices/v1'
[DEBUG-TTS] synth_azure nhan duoc 25776 bytes
  [27/103] sentence      4.6s
[DEBUG-TTS] synth_azure text='第一天晚上，他学按第一个和弦（几个音一起响的指法）。' len=26 key_len=84 region='southeastasia'
[DEBUG-TTS] synth_azure goi voice='zh-CN-XiaoxiaoMultilingualNeural' region='southeastasia' url='https://southeastasia.tts.speech.microsoft.com/cognitiveservices/v1'
[DEBUG-TTS] synth_azure nhan duoc 35856 bytes
  [28/103] sentence      6.3s
[DEBUG-TTS] synth_azure text='手指按在弦上，又疼又麻，像被细线割着。' len=19 key_len=84 region='southeastasia'
[DEBUG-TTS] synth_azure goi voice='zh-CN-XiaoxiaoMultilingualNeural' region='southeastasia' url='https://southeastasia.tts.speech.microsoft.com/cognitiveservices/v1'
[DEBUG-TTS] synth_azure nhan duoc 30672 bytes
  [29/103] sentence      5.4s
[DEBUG-TTS] synth_azure text='十五分钟结束，指尖上留下四道深深的红印。' len=20 key_len=84 region='southeastasia'
[DEBUG-TTS] synth_azure goi voice='zh-CN-XiaoxiaoMultilingualNeural' region='southeastasia' url='https://southeastasia.tts.speech.microsoft.com/cognitiveservices/v1'
[DEBUG-TTS] synth_azure nhan duoc 33408 bytes
  [30/103] sentence      5.9s
[DEBUG-TTS] synth_azure text='弹出来的声音也很难听，闷闷的，一点也不像音乐。' len=23 key_len=84 region='southeastasia'
[DEBUG-TTS] synth_azure goi voice='zh-CN-XiaoxiaoMultilingualNeural' region='southeastasia' url='https://southeastasia.tts.speech.microsoft.com/cognitiveservices/v1'
[DEBUG-TTS] synth_azure nhan duoc 31104 bytes
  [31/103] sentence      5.5s
[DEBUG-TTS] synth_azure text='室友阿凯躺在床上刷手机，笑着说："哥们儿，你这是弹琴呢，还是锯木头呢？"' len=36 key_len=84 region='southeastasia'
[DEBUG-TTS] synth_azure goi voice='zh-CN-XiaoxiaoMultilingualNeural' region='southeastasia' url='https://southeastasia.tts.speech.microsoft.com/cognitiveservices/v1'
[DEBUG-TTS] synth_azure nhan duoc 48096 bytes
  [32/103] sentence      8.3s
[DEBUG-TTS] synth_azure text='何俊的脸有点热，但他还是说："再给我一年，你会想听的。"' len=28 key_len=84 region='southeastasia'
[DEBUG-TTS] synth_azure goi voice='zh-CN-XiaoxiaoMultilingualNeural' region='southeastasia' url='https://southeastasia.tts.speech.microsoft.com/cognitiveservices/v1'
[DEBUG-TTS] synth_azure nhan duoc 36288 bytes
  [33/103] sentence      6.3s
[DEBUG-TTS] synth_azure text='阿凯笑得更大声了。' len=9 key_len=84 region='southeastasia'
[DEBUG-TTS] synth_azure goi voice='zh-CN-XiaoxiaoMultilingualNeural' region='southeastasia' url='https://southeastasia.tts.speech.microsoft.com/cognitiveservices/v1'
[DEBUG-TTS] synth_azure nhan duoc 16992 bytes
  [34/103] sentence      3.1s
[DEBUG-TTS] synth_azure text='那天晚上，何俊用手机拍了一段视频。' len=17 key_len=84 region='southeastasia'
[DEBUG-TTS] synth_azure goi voice='zh-CN-XiaoxiaoMultilingualNeural' region='southeastasia' url='https://southeastasia.tts.speech.microsoft.com/cognitiveservices/v1'
[DEBUG-TTS] synth_azure nhan duoc 27216 bytes
  [35/103] sentence      4.8s
[DEBUG-TTS] synth_azure text='视频里，他连一个和弦都换不干净，手忙脚乱。' len=21 key_len=84 region='southeastasia'
[DEBUG-TTS] synth_azure goi voice='zh-CN-XiaoxiaoMultilingualNeural' region='southeastasia' url='https://southeastasia.tts.speech.microsoft.com/cognitiveservices/v1'
[DEBUG-TTS] synth_azure nhan duoc 32400 bytes
  [36/103] sentence      5.7s
[DEBUG-TTS] synth_azure text='他把视频存进一个文件夹，名字叫"第一天"。' len=21 key_len=84 region='southeastasia'
[DEBUG-TTS] synth_azure goi voice='zh-CN-XiaoxiaoMultilingualNeural' region='southeastasia' url='https://southeastasia.tts.speech.microsoft.com/cognitiveservices/v1'
[DEBUG-TTS] synth_azure nhan duoc 31680 bytes
  [37/103] sentence      5.6s
[DEBUG-TTS] synth_azure text='之后的每个晚上，十五分钟，从来不多，也尽量不少。' len=24 key_len=84 region='southeastasia'
[DEBUG-TTS] synth_azure goi voice='zh-CN-XiaoxiaoMultilingualNeural' region='southeastasia' url='https://southeastasia.tts.speech.microsoft.com/cognitiveservices/v1'
[DEBUG-TTS] synth_azure nhan duoc 32400 bytes
  [38/103] sentence      5.7s
[DEBUG-TTS] synth_azure text='指尖慢慢起了茧（手上磨出来的一层硬皮），不那么疼了。' len=26 key_len=84 region='southeastasia'
[DEBUG-TTS] synth_azure goi voice='zh-CN-XiaoxiaoMultilingualNeural' region='southeastasia' url='https://southeastasia.tts.speech.microsoft.com/cognitiveservices/v1'
[DEBUG-TTS] synth_azure nhan duoc 36576 bytes
  [39/103] sentence      6.4s
[DEBUG-TTS] synth_azure text='换和弦的声音，从一下一下断开，慢慢连了起来。' len=22 key_len=84 region='southeastasia'
[DEBUG-TTS] synth_azure goi voice='zh-CN-XiaoxiaoMultilingualNeural' region='southeastasia' url='https://southeastasia.tts.speech.microsoft.com/cognitiveservices/v1'
[DEBUG-TTS] synth_azure nhan duoc 32688 bytes
  [40/103] sentence      5.7s
[DEBUG-TTS] synth_azure text='可是练到第五个月，奇怪的事情发生了。' len=18 key_len=84 region='southeastasia'
[DEBUG-TTS] synth_azure goi voice='zh-CN-XiaoxiaoMultilingualNeural' region='southeastasia' url='https://southeastasia.tts.speech.microsoft.com/cognitiveservices/v1'
[DEBUG-TTS] synth_azure nhan duoc 26640 bytes
  [41/103] sentence      4.7s
[DEBUG-TTS] synth_azure text='整整一个月，他觉得自己没有任何进步。' len=18 key_len=84 region='southeastasia'
[DEBUG-TTS] synth_azure goi voice='zh-CN-XiaoxiaoMultilingualNeural' region='southeastasia' url='https://southeastasia.tts.speech.microsoft.com/cognitiveservices/v1'
[DEBUG-TTS] synth_azure nhan duoc 26640 bytes
  [42/103] sentence      4.7s
[DEBUG-TTS] synth_azure text='还是那几首练习曲，还是那几个卡住的地方。' len=20 key_len=84 region='southeastasia'
[DEBUG-TTS] synth_azure goi voice='zh-CN-XiaoxiaoMultilingualNeural' region='southeastasia' url='https://southeastasia.tts.speech.microsoft.com/cognitiveservices/v1'
[DEBUG-TTS] synth_azure nhan duoc 31104 bytes
  [43/103] sentence      5.5s
[DEBUG-TTS] synth_azure text='他开始怀疑自己：是不是我根本没有天赋？' len=19 key_len=84 region='southeastasia'
[DEBUG-TTS] synth_azure goi voice='zh-CN-XiaoxiaoMultilingualNeural' region='southeastasia' url='https://southeastasia.tts.speech.microsoft.com/cognitiveservices/v1'
[DEBUG-TTS] synth_azure nhan duoc 28080 bytes
  [44/103] sentence      5.3s
[DEBUG-TTS] synth_azure text='一天晚上，他打开二手网站，认真地给吉他拍了几张照片。' len=26 key_len=84 region='southeastasia'
[DEBUG-TTS] synth_azure goi voice='zh-CN-XiaoxiaoMultilingualNeural' region='southeastasia' url='https://southeastasia.tts.speech.microsoft.com/cognitiveservices/v1'
[DEBUG-TTS] synth_azure nhan duoc 37584 bytes
  [45/103] sentence      6.6s
[DEBUG-TTS] synth_azure text='价格他都想好了：两百块，比买的时候便宜一百。' len=22 key_len=84 region='southeastasia'
[DEBUG-TTS] synth_azure goi voice='zh-CN-XiaoxiaoMultilingualNeural' region='southeastasia' url='https://southeastasia.tts.speech.microsoft.com/cognitiveservices/v1'
[DEBUG-TTS] synth_azure nhan duoc 33840 bytes
  [46/103] sentence      5.9s
[DEBUG-TTS] synth_azure text='写完介绍，他的手指停在"发布"上，很久没有按下去。' len=25 key_len=84 region='southeastasia'
[DEBUG-TTS] synth_azure goi voice='zh-CN-XiaoxiaoMultilingualNeural' region='southeastasia' url='https://southeastasia.tts.speech.microsoft.com/cognitiveservices/v1'
[DEBUG-TTS] synth_azure nhan duoc 35424 bytes
  [47/103] sentence      6.2s
[DEBUG-TTS] synth_azure text='他随手点开了那个叫"第一天"的视频。' len=18 key_len=84 region='southeastasia'
[DEBUG-TTS] synth_azure goi voice='zh-CN-XiaoxiaoMultilingualNeural' region='southeastasia' url='https://southeastasia.tts.speech.microsoft.com/cognitiveservices/v1'
[DEBUG-TTS] synth_azure nhan duoc 25632 bytes
  [48/103] sentence      4.6s
[DEBUG-TTS] synth_azure text='视频里那个手忙脚乱的自己，让他愣住了。' len=19 key_len=84 region='southeastasia'
[DEBUG-TTS] synth_azure goi voice='zh-CN-XiaoxiaoMultilingualNeural' region='southeastasia' url='https://southeastasia.tts.speech.microsoft.com/cognitiveservices/v1'
[DEBUG-TTS] synth_azure nhan duoc 28512 bytes
  [49/103] sentence      5.1s
[DEBUG-TTS] synth_azure text='原来他已经走了那么远，只是自己没有看见。' len=20 key_len=84 region='southeastasia'
[DEBUG-TTS] synth_azure goi voice='zh-CN-XiaoxiaoMultilingualNeural' region='southeastasia' url='https://southeastasia.tts.speech.microsoft.com/cognitiveservices/v1'
[DEBUG-TTS] synth_azure nhan duoc 28944 bytes
  [50/103] sentence      5.1s
[DEBUG-TTS] synth_azure text='他删掉了卖琴的信息，抱起吉他，又练了十五分钟。' len=23 key_len=84 region='southeastasia'
[DEBUG-TTS] synth_azure goi voice='zh-CN-XiaoxiaoMultilingualNeural' region='southeastasia' url='https://southeastasia.tts.speech.microsoft.com/cognitiveservices/v1'
[DEBUG-TTS] synth_azure nhan duoc 33408 bytes
  [51/103] sentence      5.9s
[DEBUG-TTS] synth_azure text='第三百六十五天的晚上，出租屋的灯还亮着。' len=20 key_len=84 region='southeastasia'
[DEBUG-TTS] synth_azure goi voice='zh-CN-XiaoxiaoMultilingualNeural' region='southeastasia' url='https://southeastasia.tts.speech.microsoft.com/cognitiveservices/v1'
[DEBUG-TTS] synth_azure nhan duoc 29952 bytes
  [52/103] sentence      5.3s
[DEBUG-TTS] synth_azure text='何俊把手机架在桌上，深吸一口气，按下了录像。' len=22 key_len=84 region='southeastasia'
[DEBUG-TTS] synth_azure goi voice='zh-CN-XiaoxiaoMultilingualNeural' region='southeastasia' url='https://southeastasia.tts.speech.microsoft.com/cognitiveservices/v1'
[DEBUG-TTS] synth_azure nhan duoc 32544 bytes
  [53/103] sentence      5.7s
[DEBUG-TTS] synth_azure text='这一次，他从头到尾，完整地弹唱了一首歌。' len=20 key_len=84 region='southeastasia'
[DEBUG-TTS] synth_azure goi voice='zh-CN-XiaoxiaoMultilingualNeural' region='southeastasia' url='https://southeastasia.tts.speech.microsoft.com/cognitiveservices/v1'
[DEBUG-TTS] synth_azure nhan duoc 30096 bytes
  [54/103] sentence      5.3s
[DEBUG-TTS] synth_azure text='唱完最后一个音，小小的房间安静了几秒。' len=19 key_len=84 region='southeastasia'
[DEBUG-TTS] synth_azure goi voice='zh-CN-XiaoxiaoMultilingualNeural' region='southeastasia' url='https://southeastasia.tts.speech.microsoft.com/cognitiveservices/v1'
[DEBUG-TTS] synth_azure nhan duoc 28800 bytes
  [55/103] sentence      5.1s
[DEBUG-TTS] synth_azure text='阿凯从床上坐了起来，说："真的好听。这次我没跟你开玩笑。"' len=29 key_len=84 region='southeastasia'
[DEBUG-TTS] synth_azure goi voice='zh-CN-XiaoxiaoMultilingualNeural' region='southeastasia' url='https://southeastasia.tts.speech.microsoft.com/cognitiveservices/v1'
[DEBUG-TTS] synth_azure nhan duoc 45792 bytes
  [56/103] sentence      7.9s
[DEBUG-TTS] synth_azure text='何俊把视频发到了网上，然后点开"第一天"，又看了一遍。' len=27 key_len=84 region='southeastasia'
[DEBUG-TTS] synth_azure goi voice='zh-CN-XiaoxiaoMultilingualNeural' region='southeastasia' url='https://southeastasia.tts.speech.microsoft.com/cognitiveservices/v1'
[DEBUG-TTS] synth_azure nhan duoc 35568 bytes
  [57/103] sentence      6.2s
[DEBUG-TTS] synth_azure text='他看着一年前的自己，怎么也不敢相信。' len=18 key_len=84 region='southeastasia'
[DEBUG-TTS] synth_azure goi voice='zh-CN-XiaoxiaoMultilingualNeural' region='southeastasia' url='https://southeastasia.tts.speech.microsoft.com/cognitiveservices/v1'
[DEBUG-TTS] synth_azure nhan duoc 24912 bytes
  [58/103] sentence      4.5s
[DEBUG-TTS] synth_azure text='三百六十五个十五分钟，就这样，把一个人变成了另一个人。' len=27 key_len=84 region='southeastasia'
[DEBUG-TTS] synth_azure goi voice='zh-CN-XiaoxiaoMultilingualNeural' region='southeastasia' url='https://southeastasia.tts.speech.microsoft.com/cognitiveservices/v1'
[DEBUG-TTS] synth_azure nhan duoc 36432 bytes
  [59/103] sentence      6.4s
[DEBUG-TTS] synth_azure text='山里有一种最安静的力量，叫滴水穿石（水一滴一滴地落下来，把石头滴出一个洞）。' len=38 key_len=84 region='southeastasia'
[DEBUG-TTS] synth_azure goi voice='zh-CN-XiaoxiaoMultilingualNeural' region='southeastasia' url='https://southeastasia.tts.speech.microsoft.com/cognitiveservices/v1'
[DEBUG-TTS] synth_azure nhan duoc 49248 bytes
  [60/103] sentence      8.5s
[DEBUG-TTS] synth_azure text='你去看那一滴水，它太小了。' len=13 key_len=84 region='southeastasia'
[DEBUG-TTS] synth_azure goi voice='zh-CN-XiaoxiaoMultilingualNeural' region='southeastasia' url='https://southeastasia.tts.speech.microsoft.com/cognitiveservices/v1'
[DEBUG-TTS] synth_azure nhan duoc 21456 bytes
  [61/103] sentence      3.9s
[DEBUG-TTS] synth_azure text='它落在石头上，石头没有任何变化。' len=16 key_len=84 region='southeastasia'
[DEBUG-TTS] synth_azure goi voice='zh-CN-XiaoxiaoMultilingualNeural' region='southeastasia' url='https://southeastasia.tts.speech.microsoft.com/cognitiveservices/v1'
[DEBUG-TTS] synth_azure nhan duoc 24480 bytes
  [62/103] sentence      4.4s
[DEBUG-TTS] synth_azure text='第二滴落下来，石头还是老样子。' len=15 key_len=84 region='southeastasia'
[DEBUG-TTS] synth_azure goi voice='zh-CN-XiaoxiaoMultilingualNeural' region='southeastasia' url='https://southeastasia.tts.speech.microsoft.com/cognitiveservices/v1'
[DEBUG-TTS] synth_azure nhan duoc 24048 bytes
  [63/103] sentence      4.3s
[DEBUG-TTS] synth_azure text='一天过去，一个月过去，你用眼睛，什么也看不出来。' len=24 key_len=84 region='southeastasia'
[DEBUG-TTS] synth_azure goi voice='zh-CN-XiaoxiaoMultilingualNeural' region='southeastasia' url='https://southeastasia.tts.speech.microsoft.com/cognitiveservices/v1'
[DEBUG-TTS] synth_azure nhan duoc 37152 bytes
  [64/103] sentence      6.5s
[DEBUG-TTS] synth_azure text='可是水不着急，它只是不停。' len=13 key_len=84 region='southeastasia'
[DEBUG-TTS] synth_azure goi voice='zh-CN-XiaoxiaoMultilingualNeural' region='southeastasia' url='https://southeastasia.tts.speech.microsoft.com/cognitiveservices/v1'
[DEBUG-TTS] synth_azure nhan duoc 21312 bytes
  [65/103] sentence      3.9s
[DEBUG-TTS] synth_azure text='白天滴，夜里也滴。' len=9 key_len=84 region='southeastasia'
[DEBUG-TTS] synth_azure goi voice='zh-CN-XiaoxiaoMultilingualNeural' region='southeastasia' url='https://southeastasia.tts.speech.microsoft.com/cognitiveservices/v1'
[DEBUG-TTS] synth_azure nhan duoc 17136 bytes
  [66/103] sentence      3.2s
[DEBUG-TTS] synth_azure text='晴天滴，雨天也滴。' len=9 key_len=84 region='southeastasia'
[DEBUG-TTS] synth_azure goi voice='zh-CN-XiaoxiaoMultilingualNeural' region='southeastasia' url='https://southeastasia.tts.speech.microsoft.com/cognitiveservices/v1'
[DEBUG-TTS] synth_azure nhan duoc 18144 bytes
  [67/103] sentence      3.3s
[DEBUG-TTS] synth_azure text='没有观众，没有掌声，也没有人给它加油。' len=19 key_len=84 region='southeastasia'
[DEBUG-TTS] synth_azure goi voice='zh-CN-XiaoxiaoMultilingualNeural' region='southeastasia' url='https://southeastasia.tts.speech.microsoft.com/cognitiveservices/v1'
[DEBUG-TTS] synth_azure nhan duoc 29664 bytes
  [68/103] sentence      5.2s
[DEBUG-TTS] synth_azure text='一千个日夜之后，坚硬的石头上，真的出现了一个洞。' len=24 key_len=84 region='southeastasia'
[DEBUG-TTS] synth_azure goi voice='zh-CN-XiaoxiaoMultilingualNeural' region='southeastasia' url='https://southeastasia.tts.speech.microsoft.com/cognitiveservices/v1'
[DEBUG-TTS] synth_azure nhan duoc 32400 bytes
  [69/103] sentence      5.7s
[DEBUG-TTS] synth_azure text='你以为它失败了一千次，其实它成功了一千次。' len=21 key_len=84 region='southeastasia'
[DEBUG-TTS] synth_azure goi voice='zh-CN-XiaoxiaoMultilingualNeural' region='southeastasia' url='https://southeastasia.tts.speech.microsoft.com/cognitiveservices/v1'
[DEBUG-TTS] synth_azure nhan duoc 30528 bytes
  [70/103] sentence      5.4s
[DEBUG-TTS] synth_azure text='世界总是为大声的东西鼓掌。' len=13 key_len=84 region='southeastasia'
[DEBUG-TTS] synth_azure goi voice='zh-CN-XiaoxiaoMultilingualNeural' region='southeastasia' url='https://southeastasia.tts.speech.microsoft.com/cognitiveservices/v1'
[DEBUG-TTS] synth_azure nhan duoc 22320 bytes
  [71/103] sentence      4.0s
[DEBUG-TTS] synth_azure text='可是把石头滴穿的，恰恰是最小声的那滴水。' len=20 key_len=84 region='southeastasia'
[DEBUG-TTS] synth_azure goi voice='zh-CN-XiaoxiaoMultilingualNeural' region='southeastasia' url='https://southeastasia.tts.speech.microsoft.com/cognitiveservices/v1'
[DEBUG-TTS] synth_azure nhan duoc 31248 bytes
  [72/103] sentence      5.5s
[DEBUG-TTS] synth_azure text='石头输给的，从来不是水的力气，而是水的"天天"。' len=24 key_len=84 region='southeastasia'
[DEBUG-TTS] synth_azure goi voice='zh-CN-XiaoxiaoMultilingualNeural' region='southeastasia' url='https://southeastasia.tts.speech.microsoft.com/cognitiveservices/v1'
[DEBUG-TTS] synth_azure nhan duoc 34128 bytes
  [73/103] sentence      6.0s
[DEBUG-TTS] synth_azure text='你的十五分钟，你的五个单词，你的一页书，就是那一滴水。' len=27 key_len=84 region='southeastasia'
[DEBUG-TTS] synth_azure goi voice='zh-CN-XiaoxiaoMultilingualNeural' region='southeastasia' url='https://southeastasia.tts.speech.microsoft.com/cognitiveservices/v1'
[DEBUG-TTS] synth_azure nhan duoc 35136 bytes
  [74/103] sentence      6.2s
[DEBUG-TTS] synth_azure text='一点点，看起来什么都不是。' len=13 key_len=84 region='southeastasia'
[DEBUG-TTS] synth_azure goi voice='zh-CN-XiaoxiaoMultilingualNeural' region='southeastasia' url='https://southeastasia.tts.speech.microsoft.com/cognitiveservices/v1'
[DEBUG-TTS] synth_azure nhan duoc 21024 bytes
  [75/103] sentence      3.8s
[DEBUG-TTS] synth_azure text='一点点，今天不会给你任何证明。' len=15 key_len=84 region='southeastasia'
[DEBUG-TTS] synth_azure goi voice='zh-CN-XiaoxiaoMultilingualNeural' region='southeastasia' url='https://southeastasia.tts.speech.microsoft.com/cognitiveservices/v1'
[DEBUG-TTS] synth_azure nhan duoc 24480 bytes
  [76/103] sentence      4.4s
[DEBUG-TTS] synth_azure text='一点点，却在你看不见的地方，悄悄穿透着你的那块"石头"。' len=28 key_len=84 region='southeastasia'
[DEBUG-TTS] synth_azure goi voice='zh-CN-XiaoxiaoMultilingualNeural' region='southeastasia' url='https://southeastasia.tts.speech.microsoft.com/cognitiveservices/v1'
[DEBUG-TTS] synth_azure nhan duoc 41472 bytes
  [77/103] sentence      7.2s
[DEBUG-TTS] synth_azure text='所以，如果你也想开始，我想送你三个小小的办法。' len=23 key_len=84 region='southeastasia'
[DEBUG-TTS] synth_azure goi voice='zh-CN-XiaoxiaoMultilingualNeural' region='southeastasia' url='https://southeastasia.tts.speech.microsoft.com/cognitiveservices/v1'
[DEBUG-TTS] synth_azure nhan duoc 31680 bytes
  [78/103] sentence      5.6s
[DEBUG-TTS] synth_azure text='第一，把目标定得小到不可能失败。' len=16 key_len=84 region='southeastasia'
[DEBUG-TTS] synth_azure goi voice='zh-CN-XiaoxiaoMultilingualNeural' region='southeastasia' url='https://southeastasia.tts.speech.microsoft.com/cognitiveservices/v1'
[DEBUG-TTS] synth_azure nhan duoc 25344 bytes
  [79/103] sentence      4.5s
[DEBUG-TTS] synth_azure text='不是"每天练一个小时"，而是"每天摸琴十五分钟"。' len=25 key_len=84 region='southeastasia'
[DEBUG-TTS] synth_azure goi voice='zh-CN-XiaoxiaoMultilingualNeural' region='southeastasia' url='https://southeastasia.tts.speech.microsoft.com/cognitiveservices/v1'
[DEBUG-TTS] synth_azure nhan duoc 32256 bytes
  [80/103] sentence      5.7s
[DEBUG-TTS] synth_azure text='小，才能天天做到；天天，才是真正的力量。' len=20 key_len=84 region='southeastasia'
[DEBUG-TTS] synth_azure goi voice='zh-CN-XiaoxiaoMultilingualNeural' region='southeastasia' url='https://southeastasia.tts.speech.microsoft.com/cognitiveservices/v1'
[DEBUG-TTS] synth_azure nhan duoc 32544 bytes
  [81/103] sentence      5.7s
[DEBUG-TTS] synth_azure text='目标越小，你越容易赢；每天赢一次，你就会爱上开始。' len=25 key_len=84 region='southeastasia'
[DEBUG-TTS] synth_azure goi voice='zh-CN-XiaoxiaoMultilingualNeural' region='southeastasia' url='https://southeastasia.tts.speech.microsoft.com/cognitiveservices/v1'
[DEBUG-TTS] synth_azure nhan duoc 37296 bytes
  [82/103] sentence      6.5s
[DEBUG-TTS] synth_azure text='第二，给自己留下"第一天"的记录。' len=17 key_len=84 region='southeastasia'
[DEBUG-TTS] synth_azure goi voice='zh-CN-XiaoxiaoMultilingualNeural' region='southeastasia' url='https://southeastasia.tts.speech.microsoft.com/cognitiveservices/v1'
[DEBUG-TTS] synth_azure nhan duoc 23040 bytes
  [83/103] sentence      4.1s
[DEBUG-TTS] synth_azure text='拍一段视频，写一页日记，什么都可以。' len=18 key_len=84 region='southeastasia'
[DEBUG-TTS] synth_azure goi voice='zh-CN-XiaoxiaoMultilingualNeural' region='southeastasia' url='https://southeastasia.tts.speech.microsoft.com/cognitiveservices/v1'
[DEBUG-TTS] synth_azure nhan duoc 26928 bytes
  [84/103] sentence      4.8s
[DEBUG-TTS] synth_azure text='在你想放弃的那个晚上，它会替你说话。' len=18 key_len=84 region='southeastasia'
[DEBUG-TTS] synth_azure goi voice='zh-CN-XiaoxiaoMultilingualNeural' region='southeastasia' url='https://southeastasia.tts.speech.microsoft.com/cognitiveservices/v1'
[DEBUG-TTS] synth_azure nhan duoc 25200 bytes
  [85/103] sentence      4.5s
[DEBUG-TTS] synth_azure text='一年以后回头看，你最感谢的，就是这些笨笨的小记录。' len=25 key_len=84 region='southeastasia'
[DEBUG-TTS] synth_azure goi voice='zh-CN-XiaoxiaoMultilingualNeural' region='southeastasia' url='https://southeastasia.tts.speech.microsoft.com/cognitiveservices/v1'
[DEBUG-TTS] synth_azure nhan duoc 38016 bytes
  [86/103] sentence      6.6s
[DEBUG-TTS] synth_azure text='第三，允许自己有看不见进步的日子。' len=17 key_len=84 region='southeastasia'
[DEBUG-TTS] synth_azure goi voice='zh-CN-XiaoxiaoMultilingualNeural' region='southeastasia' url='https://southeastasia.tts.speech.microsoft.com/cognitiveservices/v1'
[DEBUG-TTS] synth_azure nhan duoc 26496 bytes
  [87/103] sentence      4.7s
[DEBUG-TTS] synth_azure text='平台期（进步好像停住了的那段时间）不是失败，而是成长在悄悄扎根。' len=32 key_len=84 region='southeastasia'
[DEBUG-TTS] synth_azure goi voice='zh-CN-XiaoxiaoMultilingualNeural' region='southeastasia' url='https://southeastasia.tts.speech.microsoft.com/cognitiveservices/v1'
[DEBUG-TTS] synth_azure nhan duoc 48240 bytes
  [88/103] sentence      8.3s
[DEBUG-TTS] synth_azure text='就像何俊卡住的那一个月，他的手指其实一直在变快。' len=24 key_len=84 region='southeastasia'
[DEBUG-TTS] synth_azure goi voice='zh-CN-XiaoxiaoMultilingualNeural' region='southeastasia' url='https://southeastasia.tts.speech.microsoft.com/cognitiveservices/v1'
[DEBUG-TTS] synth_azure nhan duoc 33840 bytes
  [89/103] sentence      5.9s
[DEBUG-TTS] synth_azure text='水穿石之前的每一滴，看起来也都是白费的。' len=20 key_len=84 region='southeastasia'
[DEBUG-TTS] synth_azure goi voice='zh-CN-XiaoxiaoMultilingualNeural' region='southeastasia' url='https://southeastasia.tts.speech.microsoft.com/cognitiveservices/v1'
[DEBUG-TTS] synth_azure nhan duoc 30096 bytes
  [90/103] sentence      5.3s
[DEBUG-TTS] synth_azure text='石头裂开之前，最后一滴水和第一滴水一样安静。' len=22 key_len=84 region='southeastasia'
[DEBUG-TTS] synth_azure goi voice='zh-CN-XiaoxiaoMultilingualNeural' region='southeastasia' url='https://southeastasia.tts.speech.microsoft.com/cognitiveservices/v1'
[DEBUG-TTS] synth_azure nhan duoc 33696 bytes
  [91/103] sentence      5.9s
[DEBUG-TTS] synth_azure text='你只需要记住两个字：别停。' len=13 key_len=84 region='southeastasia'
[DEBUG-TTS] synth_azure goi voice='zh-CN-XiaoxiaoMultilingualNeural' region='southeastasia' url='https://southeastasia.tts.speech.microsoft.com/cognitiveservices/v1'
[DEBUG-TTS] synth_azure nhan duoc 21024 bytes
  [92/103] sentence      3.8s
[DEBUG-TTS] synth_azure text='亲爱的你，此刻可能也正站在自己的"第一天"。' len=22 key_len=84 region='southeastasia'
[DEBUG-TTS] synth_azure goi voice='zh-CN-XiaoxiaoMultilingualNeural' region='southeastasia' url='https://southeastasia.tts.speech.microsoft.com/cognitiveservices/v1'
[DEBUG-TTS] synth_azure nhan duoc 30384 bytes
  [93/103] sentence      5.4s
[DEBUG-TTS] synth_azure text='手指会疼，声音会难听，还可能有人笑你。' len=19 key_len=84 region='southeastasia'
[DEBUG-TTS] synth_azure goi voice='zh-CN-XiaoxiaoMultilingualNeural' region='southeastasia' url='https://southeastasia.tts.speech.microsoft.com/cognitiveservices/v1'
[DEBUG-TTS] synth_azure nhan duoc 29808 bytes
  [94/103] sentence      5.3s
[DEBUG-TTS] synth_azure text='没关系，让他们笑吧。' len=10 key_len=84 region='southeastasia'
[DEBUG-TTS] synth_azure goi voice='zh-CN-XiaoxiaoMultilingualNeural' region='southeastasia' url='https://southeastasia.tts.speech.microsoft.com/cognitiveservices/v1'
[DEBUG-TTS] synth_azure nhan duoc 20016 bytes
  [95/103] sentence      3.6s
[DEBUG-TTS] synth_azure text='你不需要今天就变得很厉害。' len=13 key_len=84 region='southeastasia'
[DEBUG-TTS] synth_azure goi voice='zh-CN-XiaoxiaoMultilingualNeural' region='southeastasia' url='https://southeastasia.tts.speech.microsoft.com/cognitiveservices/v1'
[DEBUG-TTS] synth_azure nhan duoc 21024 bytes
  [96/103] sentence      3.8s
[DEBUG-TTS] synth_azure text='你也不需要跟任何人比，包括那个笑你的人。' len=20 key_len=84 region='southeastasia'
[DEBUG-TTS] synth_azure goi voice='zh-CN-XiaoxiaoMultilingualNeural' region='southeastasia' url='https://southeastasia.tts.speech.microsoft.com/cognitiveservices/v1'
[DEBUG-TTS] synth_azure nhan duoc 26352 bytes
  [97/103] sentence      4.7s
[DEBUG-TTS] synth_azure text='你只有一个对手，就是昨天的自己。' len=16 key_len=84 region='southeastasia'
[DEBUG-TTS] synth_azure goi voice='zh-CN-XiaoxiaoMultilingualNeural' region='southeastasia' url='https://southeastasia.tts.speech.microsoft.com/cognitiveservices/v1'
[DEBUG-TTS] synth_azure nhan duoc 23760 bytes
  [98/103] sentence      4.3s
[DEBUG-TTS] synth_azure text='你只需要在今天结束以前，比昨天好一点点。' len=20 key_len=84 region='southeastasia'
[DEBUG-TTS] synth_azure goi voice='zh-CN-XiaoxiaoMultilingualNeural' region='southeastasia' url='https://southeastasia.tts.speech.microsoft.com/cognitiveservices/v1'
[DEBUG-TTS] synth_azure nhan duoc 30240 bytes
  [99/103] sentence      5.3s
[DEBUG-TTS] synth_azure text='请把这句话带走：每天好一点点，一年换一个你。' len=22 key_len=84 region='southeastasia'
[DEBUG-TTS] synth_azure goi voice='zh-CN-XiaoxiaoMultilingualNeural' region='southeastasia' url='https://southeastasia.tts.speech.microsoft.com/cognitiveservices/v1'
[DEBUG-TTS] synth_azure nhan duoc 32832 bytes
  [100/103] sentence      5.8s
[DEBUG-TTS] synth_azure text='明年的今天，你会点开今天的"视频"，眼睛发亮。' len=23 key_len=84 region='southeastasia'
[DEBUG-TTS] synth_azure goi voice='zh-CN-XiaoxiaoMultilingualNeural' region='southeastasia' url='https://southeastasia.tts.speech.microsoft.com/cognitiveservices/v1'
[DEBUG-TTS] synth_azure nhan duoc 33552 bytes
  [101/103] sentence      5.9s
[DEBUG-TTS] synth_azure text='那个未来的你，会隔着时间，轻轻对你说：谢谢你，当时没有停。' len=29 key_len=84 region='southeastasia'
[DEBUG-TTS] synth_azure goi voice='zh-CN-XiaoxiaoMultilingualNeural' region='southeastasia' url='https://southeastasia.tts.speech.microsoft.com/cognitiveservices/v1'
[DEBUG-TTS] synth_azure nhan duoc 41616 bytes
  [102/103] sentence      7.2s
[DEBUG-TTS] synth_azure text='晚安，朋友。愿你今晚的一小步，安静，而坚定。' len=22 key_len=84 region='southeastasia'
[DEBUG-TTS] synth_azure goi voice='zh-CN-XiaoxiaoMultilingualNeural' region='southeastasia' url='https://southeastasia.tts.speech.microsoft.com/cognitiveservices/v1'
[DEBUG-TTS] synth_azure nhan duoc 40896 bytes
  [103/103] sentence      7.1s
   + Intro 10.0s -> da dich timestamp

✅ XONG: /Users/nhatnv/project/tool-multi-lang/output/One_Percent_Better_Every_Day_1785049064734.mp4
   Thoi luong: 567.6s
   Thumbnail: One_Percent_Better_Every_Day_1785049064734.thumb.jpg
[DEBUG-TTS] raw voice='azure:zh-CN-Xiaoxiao2:DragonHDFlashLatestNeural' engine='azure' vname='zh-CN-Xiaoxiao2:DragonHDFlashLatestNeural' eleven_voice='' eleven_model='eleven_multilingual_v2'
>> Bai 1: The Path Beneath Your Feet — 95 doan
   Co chu cau (dong nhat): 100px
  [BG] 2 nguồn nền (2 ảnh + 0 video) — chia đều theo thời lượng
[DEBUG-TTS] synth_azure text='清晨六点，天还没亮，城市像一张安静的灰色照片。' len=23 key_len=84 region='southeastasia'
[DEBUG-TTS] synth_azure goi voice='zh-CN-Xiaoxiao2:DragonHDFlashLatestNeural' region='southeastasia' url='https://southeastasia.tts.speech.microsoft.com/cognitiveservices/v1'
[DEBUG-TTS] synth_azure nhan duoc 36432 bytes
  [01/95] sentence      7.0s
[DEBUG-TTS] synth_azure text='一盏台灯先醒了，照亮桌上的一杯热水和一本翻开的书。' len=25 key_len=84 region='southeastasia'
[DEBUG-TTS] synth_azure goi voice='zh-CN-Xiaoxiao2:DragonHDFlashLatestNeural' region='southeastasia' url='https://southeastasia.tts.speech.microsoft.com/cognitiveservices/v1'
[DEBUG-TTS] synth_azure nhan duoc 31680 bytes
  [02/95] sentence      6.2s
[DEBUG-TTS] synth_azure text='没有掌声，没有观众，只有笔尖划过纸的声音。' len=21 key_len=84 region='southeastasia'
[DEBUG-TTS] synth_azure goi voice='zh-CN-Xiaoxiao2:DragonHDFlashLatestNeural' region='southeastasia' url='https://southeastasia.tts.speech.microsoft.com/cognitiveservices/v1'
[DEBUG-TTS] synth_azure nhan duoc 27360 bytes
  [03/95] sentence      5.4s
[DEBUG-TTS] synth_azure text='灯下坐着的那个人，不一定聪明，也不一定幸运。' len=22 key_len=84 region='southeastasia'
[DEBUG-TTS] synth_azure goi voice='zh-CN-Xiaoxiao2:DragonHDFlashLatestNeural' region='southeastasia' url='https://southeastasia.tts.speech.microsoft.com/cognitiveservices/v1'
[DEBUG-TTS] synth_azure nhan duoc 26496 bytes
  [04/95] sentence      5.2s
[DEBUG-TTS] synth_azure text='他只是答应过自己：每天这个时候，我都会在这里。' len=23 key_len=84 region='southeastasia'
[DEBUG-TTS] synth_azure goi voice='zh-CN-Xiaoxiao2:DragonHDFlashLatestNeural' region='southeastasia' url='https://southeastasia.tts.speech.microsoft.com/cognitiveservices/v1'
[DEBUG-TTS] synth_azure nhan duoc 24048 bytes
  [05/95] sentence      4.7s
[DEBUG-TTS] synth_azure text='这样的清晨，一个人可能已经重复了三百次。' len=20 key_len=84 region='southeastasia'
[DEBUG-TTS] synth_azure goi voice='zh-CN-Xiaoxiao2:DragonHDFlashLatestNeural' region='southeastasia' url='https://southeastasia.tts.speech.microsoft.com/cognitiveservices/v1'
[DEBUG-TTS] synth_azure nhan duoc 24336 bytes
  [06/95] sentence      4.8s
[DEBUG-TTS] synth_azure text='也许你也经历过这样的时刻：闹钟响了，整个世界还在睡。' len=26 key_len=84 region='southeastasia'
[DEBUG-TTS] synth_azure goi voice='zh-CN-Xiaoxiao2:DragonHDFlashLatestNeural' region='southeastasia' url='https://southeastasia.tts.speech.microsoft.com/cognitiveservices/v1'
[DEBUG-TTS] synth_azure nhan duoc 31968 bytes
  [07/95] sentence      6.2s
[DEBUG-TTS] synth_azure text='你是按掉它，还是坐起来？这个小小的选择，正在悄悄决定你的一年。' len=31 key_len=84 region='southeastasia'
[DEBUG-TTS] synth_azure goi voice='zh-CN-Xiaoxiao2:DragonHDFlashLatestNeural' region='southeastasia' url='https://southeastasia.tts.speech.microsoft.com/cognitiveservices/v1'
[DEBUG-TTS] synth_azure nhan duoc 42480 bytes
  [08/95] sentence      8.3s
[DEBUG-TTS] synth_azure text='我们总以为，改变需要一个巨大的决定。' len=18 key_len=84 region='southeastasia'
[DEBUG-TTS] synth_azure goi voice='zh-CN-Xiaoxiao2:DragonHDFlashLatestNeural' region='southeastasia' url='https://southeastasia.tts.speech.microsoft.com/cognitiveservices/v1'
[DEBUG-TTS] synth_azure nhan duoc 19296 bytes
  [09/95] sentence      3.9s
[DEBUG-TTS] synth_azure text='其实不是。' len=5 key_len=84 region='southeastasia'
[DEBUG-TTS] synth_azure goi voice='zh-CN-Xiaoxiao2:DragonHDFlashLatestNeural' region='southeastasia' url='https://southeastasia.tts.speech.microsoft.com/cognitiveservices/v1'
[DEBUG-TTS] synth_azure nhan duoc 10368 bytes
  [10/95] sentence      2.2s
[DEBUG-TTS] synth_azure text='真正改变一个人的，往往是那些很小的、每天都在做的事。' len=26 key_len=84 region='southeastasia'
[DEBUG-TTS] synth_azure goi voice='zh-CN-Xiaoxiao2:DragonHDFlashLatestNeural' region='southeastasia' url='https://southeastasia.tts.speech.microsoft.com/cognitiveservices/v1'
[DEBUG-TTS] synth_azure nhan duoc 27504 bytes
  [11/95] sentence      5.4s
[DEBUG-TTS] synth_azure text='这就是好习惯：它不响，也不亮。' len=15 key_len=84 region='southeastasia'
[DEBUG-TTS] synth_azure goi voice='zh-CN-Xiaoxiao2:DragonHDFlashLatestNeural' region='southeastasia' url='https://southeastasia.tts.speech.microsoft.com/cognitiveservices/v1'
[DEBUG-TTS] synth_azure nhan duoc 18864 bytes
  [12/95] sentence      3.8s
[DEBUG-TTS] synth_azure text='它不问你有没有灵感，也不问你心情好不好。' len=20 key_len=84 region='southeastasia'
[DEBUG-TTS] synth_azure goi voice='zh-CN-Xiaoxiao2:DragonHDFlashLatestNeural' region='southeastasia' url='https://southeastasia.tts.speech.microsoft.com/cognitiveservices/v1'
[DEBUG-TTS] synth_azure nhan duoc 21888 bytes
  [13/95] sentence      4.3s
[DEBUG-TTS] synth_azure text='它只问一句：今天，你来了吗？' len=14 key_len=84 region='southeastasia'
[DEBUG-TTS] synth_azure goi voice='zh-CN-Xiaoxiao2:DragonHDFlashLatestNeural' region='southeastasia' url='https://southeastasia.tts.speech.microsoft.com/cognitiveservices/v1'
[DEBUG-TTS] synth_azure nhan duoc 18144 bytes
  [14/95] sentence      4.0s
[DEBUG-TTS] synth_azure text='一天做一点，看起来少得可怜。' len=14 key_len=84 region='southeastasia'
[DEBUG-TTS] synth_azure goi voice='zh-CN-Xiaoxiao2:DragonHDFlashLatestNeural' region='southeastasia' url='https://southeastasia.tts.speech.microsoft.com/cognitiveservices/v1'
[DEBUG-TTS] synth_azure nhan duoc 15408 bytes
  [15/95] sentence      3.1s
[DEBUG-TTS] synth_azure text='可是一年三百六十五天不停地做，就会多得让人吃惊。' len=24 key_len=84 region='southeastasia'
[DEBUG-TTS] synth_azure goi voice='zh-CN-Xiaoxiao2:DragonHDFlashLatestNeural' region='southeastasia' url='https://southeastasia.tts.speech.microsoft.com/cognitiveservices/v1'
[DEBUG-TTS] synth_azure nhan duoc 26640 bytes
  [16/95] sentence      5.2s
[DEBUG-TTS] synth_azure text='时间对每个人都一样公平，它只把结果，留给重复的人。' len=25 key_len=84 region='southeastasia'
[DEBUG-TTS] synth_azure goi voice='zh-CN-Xiaoxiao2:DragonHDFlashLatestNeural' region='southeastasia' url='https://southeastasia.tts.speech.microsoft.com/cognitiveservices/v1'
[DEBUG-TTS] synth_azure nhan duoc 28512 bytes
  [17/95] sentence      5.6s
[DEBUG-TTS] synth_azure text='你身边一定也有这样的人：不吵不闹，却一年比一年强。' len=25 key_len=84 region='southeastasia'
[DEBUG-TTS] synth_azure goi voice='zh-CN-Xiaoxiao2:DragonHDFlashLatestNeural' region='southeastasia' url='https://southeastasia.tts.speech.microsoft.com/cognitiveservices/v1'
[DEBUG-TTS] synth_azure nhan duoc 30960 bytes
  [18/95] sentence      6.0s
[DEBUG-TTS] synth_azure text='林小满十九岁那年，高考失败了。' len=15 key_len=84 region='southeastasia'
[DEBUG-TTS] synth_azure goi voice='zh-CN-Xiaoxiao2:DragonHDFlashLatestNeural' region='southeastasia' url='https://southeastasia.tts.speech.microsoft.com/cognitiveservices/v1'
[DEBUG-TTS] synth_azure nhan duoc 19152 bytes
  [19/95] sentence      3.8s
[DEBUG-TTS] synth_azure text='分数出来的那个晚上，她把自己关在房间里，很久没有开灯。' len=27 key_len=84 region='southeastasia'
[DEBUG-TTS] synth_azure goi voice='zh-CN-Xiaoxiao2:DragonHDFlashLatestNeural' region='southeastasia' url='https://southeastasia.tts.speech.microsoft.com/cognitiveservices/v1'
[DEBUG-TTS] synth_azure nhan duoc 30240 bytes
  [20/95] sentence      5.9s
[DEBUG-TTS] synth_azure text='她做了一个决定：不去打工，也不随便读一个不喜欢的学校，而是在家复读一年。' len=36 key_len=84 region='southeastasia'
[DEBUG-TTS] synth_azure goi voice='zh-CN-Xiaoxiao2:DragonHDFlashLatestNeural' region='southeastasia' url='https://southeastasia.tts.speech.microsoft.com/cognitiveservices/v1'
[DEBUG-TTS] synth_azure nhan duoc 34704 bytes
  [21/95] sentence      6.4s
[DEBUG-TTS] synth_azure text='一开始，她学得很"猛"。' len=12 key_len=84 region='southeastasia'
[DEBUG-TTS] synth_azure goi voice='zh-CN-Xiaoxiao2:DragonHDFlashLatestNeural' region='southeastasia' url='https://southeastasia.tts.speech.microsoft.com/cognitiveservices/v1'
[DEBUG-TTS] synth_azure nhan duoc 10512 bytes
  [22/95] sentence      2.2s
[DEBUG-TTS] synth_azure text='状态好的时候，她一天学十个小时，凌晨一点还不睡。' len=24 key_len=84 region='southeastasia'
[DEBUG-TTS] synth_azure goi voice='zh-CN-Xiaoxiao2:DragonHDFlashLatestNeural' region='southeastasia' url='https://southeastasia.tts.speech.microsoft.com/cognitiveservices/v1'
[DEBUG-TTS] synth_azure nhan duoc 25344 bytes
  [23/95] sentence      5.0s
[DEBUG-TTS] synth_azure text='状态不好的时候，她一整天躺在床上刷手机，一个字也看不进去。' len=29 key_len=84 region='southeastasia'
[DEBUG-TTS] synth_azure goi voice='zh-CN-Xiaoxiao2:DragonHDFlashLatestNeural' region='southeastasia' url='https://southeastasia.tts.speech.microsoft.com/cognitiveservices/v1'
[DEBUG-TTS] synth_azure nhan duoc 28656 bytes
  [24/95] sentence      5.6s
[DEBUG-TTS] synth_azure text='她的努力全看心情，像天气一样说变就变。' len=19 key_len=84 region='southeastasia'
[DEBUG-TTS] synth_azure goi voice='zh-CN-Xiaoxiao2:DragonHDFlashLatestNeural' region='southeastasia' url='https://southeastasia.tts.speech.microsoft.com/cognitiveservices/v1'
[DEBUG-TTS] synth_azure nhan duoc 24768 bytes
  [25/95] sentence      4.9s
[DEBUG-TTS] synth_azure text='这样的"三分钟热度"（开始很有热情，很快就放弃），让她越来越累。' len=32 key_len=84 region='southeastasia'
[DEBUG-TTS] synth_azure goi voice='zh-CN-Xiaoxiao2:DragonHDFlashLatestNeural' region='southeastasia' url='https://southeastasia.tts.speech.microsoft.com/cognitiveservices/v1'
[DEBUG-TTS] synth_azure nhan duoc 36144 bytes
  [26/95] sentence      7.0s
[DEBUG-TTS] synth_azure text='两个月后，她发现自己不但没进步，反而比刚开始时落后了。' len=27 key_len=84 region='southeastasia'
[DEBUG-TTS] synth_azure goi voice='zh-CN-Xiaoxiao2:DragonHDFlashLatestNeural' region='southeastasia' url='https://southeastasia.tts.speech.microsoft.com/cognitiveservices/v1'
[DEBUG-TTS] synth_azure nhan duoc 31104 bytes
  [27/95] sentence      6.0s
[DEBUG-TTS] synth_azure text='身体累，心更累，她甚至开始怀疑自己根本不适合读书。' len=25 key_len=84 region='southeastasia'
[DEBUG-TTS] synth_azure goi voice='zh-CN-Xiaoxiao2:DragonHDFlashLatestNeural' region='southeastasia' url='https://southeastasia.tts.speech.microsoft.com/cognitiveservices/v1'
[DEBUG-TTS] synth_azure nhan duoc 30240 bytes
  [28/95] sentence      5.9s
[DEBUG-TTS] synth_azure text='十一月的一个晚上，她看着桌上乱七八糟的计划表，忽然明白了一件事。' len=32 key_len=84 region='southeastasia'
[DEBUG-TTS] synth_azure goi voice='zh-CN-Xiaoxiao2:DragonHDFlashLatestNeural' region='southeastasia' url='https://southeastasia.tts.speech.microsoft.com/cognitiveservices/v1'
[DEBUG-TTS] synth_azure nhan duoc 37008 bytes
  [29/95] sentence      7.1s
[DEBUG-TTS] synth_azure text='打败她的不是题目，而是她自己忽冷忽热的方式。' len=22 key_len=84 region='southeastasia'
[DEBUG-TTS] synth_azure goi voice='zh-CN-Xiaoxiao2:DragonHDFlashLatestNeural' region='southeastasia' url='https://southeastasia.tts.speech.microsoft.com/cognitiveservices/v1'
[DEBUG-TTS] synth_azure nhan duoc 23328 bytes
  [30/95] sentence      4.6s
[DEBUG-TTS] synth_azure text='于是她把那张写满"每天十小时"的计划表撕掉了。' len=23 key_len=84 region='southeastasia'
[DEBUG-TTS] synth_azure goi voice='zh-CN-Xiaoxiao2:DragonHDFlashLatestNeural' region='southeastasia' url='https://southeastasia.tts.speech.microsoft.com/cognitiveservices/v1'
[DEBUG-TTS] synth_azure nhan duoc 27360 bytes
  [31/95] sentence      5.4s
[DEBUG-TTS] synth_azure text='换上一张新的，上面只有一行字：早上六点起床，学两个小时。' len=28 key_len=84 region='southeastasia'
[DEBUG-TTS] synth_azure goi voice='zh-CN-Xiaoxiao2:DragonHDFlashLatestNeural' region='southeastasia' url='https://southeastasia.tts.speech.microsoft.com/cognitiveservices/v1'
[DEBUG-TTS] synth_azure nhan duoc 38592 bytes
  [32/95] sentence      7.4s
[DEBUG-TTS] synth_azure text='状态好，学这两个小时；状态不好，也学这两个小时。' len=24 key_len=84 region='southeastasia'
[DEBUG-TTS] synth_azure goi voice='zh-CN-Xiaoxiao2:DragonHDFlashLatestNeural' region='southeastasia' url='https://southeastasia.tts.speech.microsoft.com/cognitiveservices/v1'
[DEBUG-TTS] synth_azure nhan duoc 28080 bytes
  [33/95] sentence      5.5s
[DEBUG-TTS] synth_azure text='从那天起，她的闹钟每天六点响，雷打不动（不管发生什么都不改变）。' len=32 key_len=84 region='southeastasia'
[DEBUG-TTS] synth_azure goi voice='zh-CN-Xiaoxiao2:DragonHDFlashLatestNeural' region='southeastasia' url='https://southeastasia.tts.speech.microsoft.com/cognitiveservices/v1'
[DEBUG-TTS] synth_azure nhan duoc 39024 bytes
  [34/95] sentence      7.5s
[DEBUG-TTS] synth_azure text='冬天最冷的那几天，被子外面冷得像冰，她也照样坐到桌前。' len=27 key_len=84 region='southeastasia'
[DEBUG-TTS] synth_azure goi voice='zh-CN-Xiaoxiao2:DragonHDFlashLatestNeural' region='southeastasia' url='https://southeastasia.tts.speech.microsoft.com/cognitiveservices/v1'
[DEBUG-TTS] synth_azure nhan duoc 32976 bytes
  [35/95] sentence      6.4s
[DEBUG-TTS] synth_azure text='大年初一的早上，外面全是鞭炮声，她也先学完两个小时，再出门拜年。' len=32 key_len=84 region='southeastasia'
[DEBUG-TTS] synth_azure goi voice='zh-CN-Xiaoxiao2:DragonHDFlashLatestNeural' region='southeastasia' url='https://southeastasia.tts.speech.microsoft.com/cognitiveservices/v1'
[DEBUG-TTS] synth_azure nhan duoc 39024 bytes
  [36/95] sentence      7.5s
[DEBUG-TTS] synth_azure text='亲戚们不理解，饭桌上有人冷嘲热讽（用难听的话笑话别人）。' len=28 key_len=84 region='southeastasia'
[DEBUG-TTS] synth_azure goi voice='zh-CN-Xiaoxiao2:DragonHDFlashLatestNeural' region='southeastasia' url='https://southeastasia.tts.speech.microsoft.com/cognitiveservices/v1'
[DEBUG-TTS] synth_azure nhan duoc 33984 bytes
  [37/95] sentence      6.6s
[DEBUG-TTS] synth_azure text='二姨当着所有人的面说："都没考上，还折腾什么？女孩子早点上班不好吗？"' len=35 key_len=84 region='southeastasia'
[DEBUG-TTS] synth_azure goi voice='zh-CN-Xiaoxiao2:DragonHDFlashLatestNeural' region='southeastasia' url='https://southeastasia.tts.speech.microsoft.com/cognitiveservices/v1'
[DEBUG-TTS] synth_azure nhan duoc 39600 bytes
  [38/95] sentence      7.6s
[DEBUG-TTS] synth_azure text='林小满握着筷子的手紧了一下，只轻轻回了一句："我不跟别人比，我只跟昨天的自己比。"' len=41 key_len=84 region='southeastasia'
[DEBUG-TTS] synth_azure goi voice='zh-CN-Xiaoxiao2:DragonHDFlashLatestNeural' region='southeastasia' url='https://southeastasia.tts.speech.microsoft.com/cognitiveservices/v1'
[DEBUG-TTS] synth_azure nhan duoc 45360 bytes
  [39/95] sentence      8.7s
[DEBUG-TTS] synth_azure text='更难受的是三月，连续两次模拟考试，她的分数一点儿也没有提高。' len=30 key_len=84 region='southeastasia'
[DEBUG-TTS] synth_azure goi voice='zh-CN-Xiaoxiao2:DragonHDFlashLatestNeural' region='southeastasia' url='https://southeastasia.tts.speech.microsoft.com/cognitiveservices/v1'
[DEBUG-TTS] synth_azure nhan duoc 36720 bytes
  [40/95] sentence      7.1s
[DEBUG-TTS] synth_azure text='她哭过，也在日记里问过自己：每天这样做，真的有用吗？' len=26 key_len=84 region='southeastasia'
[DEBUG-TTS] synth_azure goi voice='zh-CN-Xiaoxiao2:DragonHDFlashLatestNeural' region='southeastasia' url='https://southeastasia.tts.speech.microsoft.com/cognitiveservices/v1'
[DEBUG-TTS] synth_azure nhan duoc 38160 bytes
  [41/95] sentence      8.9s
[DEBUG-TTS] synth_azure text='妈妈心疼她，劝她："要不……咱们别这么拼了？"' len=23 key_len=84 region='southeastasia'
[DEBUG-TTS] synth_azure goi voice='zh-CN-Xiaoxiao2:DragonHDFlashLatestNeural' region='southeastasia' url='https://southeastasia.tts.speech.microsoft.com/cognitiveservices/v1'
[DEBUG-TTS] synth_azure nhan duoc 30240 bytes
  [42/95] sentence      6.8s
[DEBUG-TTS] synth_azure text='她摇摇头说："妈，我不求快，我只求每天都在。"' len=23 key_len=84 region='southeastasia'
[DEBUG-TTS] synth_azure goi voice='zh-CN-Xiaoxiao2:DragonHDFlashLatestNeural' region='southeastasia' url='https://southeastasia.tts.speech.microsoft.com/cognitiveservices/v1'
[DEBUG-TTS] synth_azure nhan duoc 27360 bytes
  [43/95] sentence      5.4s
[DEBUG-TTS] synth_azure text='第二天早上六点，闹钟响了，她还是坐回了那张桌子前。' len=25 key_len=84 region='southeastasia'
[DEBUG-TTS] synth_azure goi voice='zh-CN-Xiaoxiao2:DragonHDFlashLatestNeural' region='southeastasia' url='https://southeastasia.tts.speech.microsoft.com/cognitiveservices/v1'
[DEBUG-TTS] synth_azure nhan duoc 29088 bytes
  [44/95] sentence      5.7s
[DEBUG-TTS] synth_azure text='慢慢地，奇怪的事情发生了。' len=13 key_len=84 region='southeastasia'
[DEBUG-TTS] synth_azure goi voice='zh-CN-Xiaoxiao2:DragonHDFlashLatestNeural' region='southeastasia' url='https://southeastasia.tts.speech.microsoft.com/cognitiveservices/v1'
[DEBUG-TTS] synth_azure nhan duoc 17136 bytes
  [45/95] sentence      3.5s
[DEBUG-TTS] synth_azure text='坐下学习不再需要勇气，就像刷牙一样自然。' len=20 key_len=84 region='southeastasia'
[DEBUG-TTS] synth_azure goi voice='zh-CN-Xiaoxiao2:DragonHDFlashLatestNeural' region='southeastasia' url='https://southeastasia.tts.speech.microsoft.com/cognitiveservices/v1'
[DEBUG-TTS] synth_azure nhan duoc 23040 bytes
  [46/95] sentence      4.5s
[DEBUG-TTS] synth_azure text='两个小时结束后，她常常愿意再多学一会儿，因为最难的"开始"已经过去了。' len=35 key_len=84 region='southeastasia'
[DEBUG-TTS] synth_azure goi voice='zh-CN-Xiaoxiao2:DragonHDFlashLatestNeural' region='southeastasia' url='https://southeastasia.tts.speech.microsoft.com/cognitiveservices/v1'
[DEBUG-TTS] synth_azure nhan duoc 35856 bytes
  [47/95] sentence      6.9s
[DEBUG-TTS] synth_azure text='五月的模拟考，她的成绩忽然往上跳了一大截。' len=21 key_len=84 region='southeastasia'
[DEBUG-TTS] synth_azure goi voice='zh-CN-Xiaoxiao2:DragonHDFlashLatestNeural' region='southeastasia' url='https://southeastasia.tts.speech.microsoft.com/cognitiveservices/v1'
[DEBUG-TTS] synth_azure nhan duoc 25200 bytes
  [48/95] sentence      4.9s
[DEBUG-TTS] synth_azure text='那不是奇迹，是前面几百个安静的早晨，终于被看见了。' len=25 key_len=84 region='southeastasia'
[DEBUG-TTS] synth_azure goi voice='zh-CN-Xiaoxiao2:DragonHDFlashLatestNeural' region='southeastasia' url='https://southeastasia.tts.speech.microsoft.com/cognitiveservices/v1'
[DEBUG-TTS] synth_azure nhan duoc 30960 bytes
  [49/95] sentence      6.0s
[DEBUG-TTS] synth_azure text='八月，录取通知书寄到家里，正是她想去的那所大学。' len=24 key_len=84 region='southeastasia'
[DEBUG-TTS] synth_azure goi voice='zh-CN-Xiaoxiao2:DragonHDFlashLatestNeural' region='southeastasia' url='https://southeastasia.tts.speech.microsoft.com/cognitiveservices/v1'
[DEBUG-TTS] synth_azure nhan duoc 28656 bytes
  [50/95] sentence      5.6s
[DEBUG-TTS] synth_azure text='她把通知书放在旧桌子上，旁边是那张只有一行字的计划表。' len=27 key_len=84 region='southeastasia'
[DEBUG-TTS] synth_azure goi voice='zh-CN-Xiaoxiao2:DragonHDFlashLatestNeural' region='southeastasia' url='https://southeastasia.tts.speech.microsoft.com/cognitiveservices/v1'
[DEBUG-TTS] synth_azure nhan duoc 33120 bytes
  [51/95] sentence      6.4s
[DEBUG-TTS] synth_azure text='纸已经发黄了，那行字却还清清楚楚：早上六点起床，学两个小时。' len=30 key_len=84 region='southeastasia'
[DEBUG-TTS] synth_azure goi voice='zh-CN-Xiaoxiao2:DragonHDFlashLatestNeural' region='southeastasia' url='https://southeastasia.tts.speech.microsoft.com/cognitiveservices/v1'
[DEBUG-TTS] synth_azure nhan duoc 42192 bytes
  [52/95] sentence      8.1s
[DEBUG-TTS] synth_azure text='你见过草地上的小路吗？' len=11 key_len=84 region='southeastasia'
[DEBUG-TTS] synth_azure goi voice='zh-CN-Xiaoxiao2:DragonHDFlashLatestNeural' region='southeastasia' url='https://southeastasia.tts.speech.microsoft.com/cognitiveservices/v1'
[DEBUG-TTS] synth_azure nhan duoc 11808 bytes
  [53/95] sentence      2.8s
[DEBUG-TTS] synth_azure text='没有人修过它，也没有人给它立牌子。' len=17 key_len=84 region='southeastasia'
[DEBUG-TTS] synth_azure goi voice='zh-CN-Xiaoxiao2:DragonHDFlashLatestNeural' region='southeastasia' url='https://southeastasia.tts.speech.microsoft.com/cognitiveservices/v1'
[DEBUG-TTS] synth_azure nhan duoc 17424 bytes
  [54/95] sentence      3.5s
[DEBUG-TTS] synth_azure text='一个人从草地上走过一次，草弯下去，很快又直起来，什么也不会留下。' len=32 key_len=84 region='southeastasia'
[DEBUG-TTS] synth_azure goi voice='zh-CN-Xiaoxiao2:DragonHDFlashLatestNeural' region='southeastasia' url='https://southeastasia.tts.speech.microsoft.com/cognitiveservices/v1'
[DEBUG-TTS] synth_azure nhan duoc 39744 bytes
  [55/95] sentence      7.6s
[DEBUG-TTS] synth_azure text='可是，如果有人每天都从同一个地方走过呢？' len=20 key_len=84 region='southeastasia'
[DEBUG-TTS] synth_azure goi voice='zh-CN-Xiaoxiao2:DragonHDFlashLatestNeural' region='southeastasia' url='https://southeastasia.tts.speech.microsoft.com/cognitiveservices/v1'
[DEBUG-TTS] synth_azure nhan duoc 21600 bytes
  [56/95] sentence      4.6s
[DEBUG-TTS] synth_azure text='第一天，草只是轻轻低了头。' len=13 key_len=84 region='southeastasia'
[DEBUG-TTS] synth_azure goi voice='zh-CN-Xiaoxiao2:DragonHDFlashLatestNeural' region='southeastasia' url='https://southeastasia.tts.speech.microsoft.com/cognitiveservices/v1'
[DEBUG-TTS] synth_azure nhan duoc 17136 bytes
  [57/95] sentence      3.5s
[DEBUG-TTS] synth_azure text='第一个月，那里出现了一条浅浅的印子。' len=18 key_len=84 region='southeastasia'
[DEBUG-TTS] synth_azure goi voice='zh-CN-Xiaoxiao2:DragonHDFlashLatestNeural' region='southeastasia' url='https://southeastasia.tts.speech.microsoft.com/cognitiveservices/v1'
[DEBUG-TTS] synth_azure nhan duoc 22320 bytes
  [58/95] sentence      4.4s
[DEBUG-TTS] synth_azure text='一年以后，一条清清楚楚的小路，安安静静地躺在草地中间。' len=27 key_len=84 region='southeastasia'
[DEBUG-TTS] synth_azure goi voice='zh-CN-Xiaoxiao2:DragonHDFlashLatestNeural' region='southeastasia' url='https://southeastasia.tts.speech.microsoft.com/cognitiveservices/v1'
[DEBUG-TTS] synth_azure nhan duoc 39024 bytes
  [59/95] sentence      7.5s
[DEBUG-TTS] synth_azure text='没有哪一步是特别的，可每一步都算数。' len=18 key_len=84 region='southeastasia'
[DEBUG-TTS] synth_azure goi voice='zh-CN-Xiaoxiao2:DragonHDFlashLatestNeural' region='southeastasia' url='https://southeastasia.tts.speech.microsoft.com/cognitiveservices/v1'
[DEBUG-TTS] synth_azure nhan duoc 18576 bytes
  [60/95] sentence      3.7s
[DEBUG-TTS] synth_azure text='那条路，不是力气最大的人踩出来的。' len=17 key_len=84 region='southeastasia'
[DEBUG-TTS] synth_azure goi voice='zh-CN-Xiaoxiao2:DragonHDFlashLatestNeural' region='southeastasia' url='https://southeastasia.tts.speech.microsoft.com/cognitiveservices/v1'
[DEBUG-TTS] synth_azure nhan duoc 18432 bytes
  [61/95] sentence      3.7s
[DEBUG-TTS] synth_azure text='力气大的人重重踩一脚就走了，草很快就忘了他。' len=22 key_len=84 region='southeastasia'
[DEBUG-TTS] synth_azure goi voice='zh-CN-Xiaoxiao2:DragonHDFlashLatestNeural' region='southeastasia' url='https://southeastasia.tts.speech.microsoft.com/cognitiveservices/v1'
[DEBUG-TTS] synth_azure nhan duoc 25344 bytes
  [62/95] sentence      5.0s
[DEBUG-TTS] synth_azure text='草只记得那个每天都来的人。' len=13 key_len=84 region='southeastasia'
[DEBUG-TTS] synth_azure goi voice='zh-CN-Xiaoxiao2:DragonHDFlashLatestNeural' region='southeastasia' url='https://southeastasia.tts.speech.microsoft.com/cognitiveservices/v1'
[DEBUG-TTS] synth_azure nhan duoc 14688 bytes
  [63/95] sentence      3.0s
[DEBUG-TTS] synth_azure text='人心也是一块草地。' len=9 key_len=84 region='southeastasia'
[DEBUG-TTS] synth_azure goi voice='zh-CN-Xiaoxiao2:DragonHDFlashLatestNeural' region='southeastasia' url='https://southeastasia.tts.speech.microsoft.com/cognitiveservices/v1'
[DEBUG-TTS] synth_azure nhan duoc 12096 bytes
  [64/95] sentence      2.5s
[DEBUG-TTS] synth_azure text='你偶尔努力一次，就像偶尔走过一次，风一吹，什么痕迹都没有了。' len=30 key_len=84 region='southeastasia'
[DEBUG-TTS] synth_azure goi voice='zh-CN-Xiaoxiao2:DragonHDFlashLatestNeural' region='southeastasia' url='https://southeastasia.tts.speech.microsoft.com/cognitiveservices/v1'
[DEBUG-TTS] synth_azure nhan duoc 33984 bytes
  [65/95] sentence      6.6s
[DEBUG-TTS] synth_azure text='你每天都走，哪怕步子很小，草地也会为你让出一条路来。' len=26 key_len=84 region='southeastasia'
[DEBUG-TTS] synth_azure goi voice='zh-CN-Xiaoxiao2:DragonHDFlashLatestNeural' region='southeastasia' url='https://southeastasia.tts.speech.microsoft.com/cognitiveservices/v1'
[DEBUG-TTS] synth_azure nhan duoc 33120 bytes
  [66/95] sentence      6.4s
[DEBUG-TTS] synth_azure text='下雨的日子你来过，刮风的日子你也来过。' len=19 key_len=84 region='southeastasia'
[DEBUG-TTS] synth_azure goi voice='zh-CN-Xiaoxiao2:DragonHDFlashLatestNeural' region='southeastasia' url='https://southeastasia.tts.speech.microsoft.com/cognitiveservices/v1'
[DEBUG-TTS] synth_azure nhan duoc 22032 bytes
  [67/95] sentence      4.4s
[DEBUG-TTS] synth_azure text='于是路越来越清楚，走起来也越来越容易。' len=19 key_len=84 region='southeastasia'
[DEBUG-TTS] synth_azure goi voice='zh-CN-Xiaoxiao2:DragonHDFlashLatestNeural' region='southeastasia' url='https://southeastasia.tts.speech.microsoft.com/cognitiveservices/v1'
[DEBUG-TTS] synth_azure nhan duoc 21024 bytes
  [68/95] sentence      4.2s
[DEBUG-TTS] synth_azure text='有一天，别人会问起：这条路是谁修的？' len=18 key_len=84 region='southeastasia'
[DEBUG-TTS] synth_azure goi voice='zh-CN-Xiaoxiao2:DragonHDFlashLatestNeural' region='southeastasia' url='https://southeastasia.tts.speech.microsoft.com/cognitiveservices/v1'
[DEBUG-TTS] synth_azure nhan duoc 20592 bytes
  [69/95] sentence      4.4s
[DEBUG-TTS] synth_azure text='草地会替你回答：没有谁，只是有个人，每天都来。' len=23 key_len=84 region='southeastasia'
[DEBUG-TTS] synth_azure goi voice='zh-CN-Xiaoxiao2:DragonHDFlashLatestNeural' region='southeastasia' url='https://southeastasia.tts.speech.microsoft.com/cognitiveservices/v1'
[DEBUG-TTS] synth_azure nhan duoc 25056 bytes
  [70/95] sentence      4.9s
[DEBUG-TTS] synth_azure text='好习惯，就是你用脚印一天一天写在生活里的路。' len=22 key_len=84 region='southeastasia'
[DEBUG-TTS] synth_azure goi voice='zh-CN-Xiaoxiao2:DragonHDFlashLatestNeural' region='southeastasia' url='https://southeastasia.tts.speech.microsoft.com/cognitiveservices/v1'
[DEBUG-TTS] synth_azure nhan duoc 26640 bytes
  [71/95] sentence      5.2s
[DEBUG-TTS] synth_azure text='所以，如果你也想改变，请记住这几件小事。' len=20 key_len=84 region='southeastasia'
[DEBUG-TTS] synth_azure goi voice='zh-CN-Xiaoxiao2:DragonHDFlashLatestNeural' region='southeastasia' url='https://southeastasia.tts.speech.microsoft.com/cognitiveservices/v1'
[DEBUG-TTS] synth_azure nhan duoc 21744 bytes
  [72/95] sentence      4.3s
[DEBUG-TTS] synth_azure text='第一，把目标定小一点，小到你不好意思放弃。' len=21 key_len=84 region='southeastasia'
[DEBUG-TTS] synth_azure goi voice='zh-CN-Xiaoxiao2:DragonHDFlashLatestNeural' region='southeastasia' url='https://southeastasia.tts.speech.microsoft.com/cognitiveservices/v1'
[DEBUG-TTS] synth_azure nhan duoc 25488 bytes
  [73/95] sentence      5.0s
[DEBUG-TTS] synth_azure text='目标太大，会吓跑明天的你；目标够小，你才能天天回来。' len=26 key_len=84 region='southeastasia'
[DEBUG-TTS] synth_azure goi voice='zh-CN-Xiaoxiao2:DragonHDFlashLatestNeural' region='southeastasia' url='https://southeastasia.tts.speech.microsoft.com/cognitiveservices/v1'
[DEBUG-TTS] synth_azure nhan duoc 31680 bytes
  [74/95] sentence      6.2s
[DEBUG-TTS] synth_azure text='不是"每天学十个小时"，而是"每天六点起床，先学两个小时"。' len=30 key_len=84 region='southeastasia'
[DEBUG-TTS] synth_azure goi voice='zh-CN-Xiaoxiao2:DragonHDFlashLatestNeural' region='southeastasia' url='https://southeastasia.tts.speech.microsoft.com/cognitiveservices/v1'
[DEBUG-TTS] synth_azure nhan duoc 31104 bytes
  [75/95] sentence      6.0s
[DEBUG-TTS] synth_azure text='第二，固定时间和地点，让开始变得不用思考。' len=21 key_len=84 region='southeastasia'
[DEBUG-TTS] synth_azure goi voice='zh-CN-Xiaoxiao2:DragonHDFlashLatestNeural' region='southeastasia' url='https://southeastasia.tts.speech.microsoft.com/cognitiveservices/v1'
[DEBUG-TTS] synth_azure nhan duoc 25056 bytes
  [76/95] sentence      4.9s
[DEBUG-TTS] synth_azure text='同一个闹钟，同一张桌子，身体会比大脑先记住它。' len=23 key_len=84 region='southeastasia'
[DEBUG-TTS] synth_azure goi voice='zh-CN-Xiaoxiao2:DragonHDFlashLatestNeural' region='southeastasia' url='https://southeastasia.tts.speech.microsoft.com/cognitiveservices/v1'
[DEBUG-TTS] synth_azure nhan duoc 30816 bytes
  [77/95] sentence      6.0s
[DEBUG-TTS] synth_azure text='不用每天重新下决心，这是坚持最省力的秘密。' len=21 key_len=84 region='southeastasia'
[DEBUG-TTS] synth_azure goi voice='zh-CN-Xiaoxiao2:DragonHDFlashLatestNeural' region='southeastasia' url='https://southeastasia.tts.speech.microsoft.com/cognitiveservices/v1'
[DEBUG-TTS] synth_azure nhan duoc 22320 bytes
  [78/95] sentence      4.4s
[DEBUG-TTS] synth_azure text='第三，中断了一天，不要骂自己，第二天接着走就好。' len=24 key_len=84 region='southeastasia'
[DEBUG-TTS] synth_azure goi voice='zh-CN-Xiaoxiao2:DragonHDFlashLatestNeural' region='southeastasia' url='https://southeastasia.tts.speech.microsoft.com/cognitiveservices/v1'
[DEBUG-TTS] synth_azure nhan duoc 27216 bytes
  [79/95] sentence      5.3s
[DEBUG-TTS] synth_azure text='断一天是意外，断两天才是放弃的开始。' len=18 key_len=84 region='southeastasia'
[DEBUG-TTS] synth_azure goi voice='zh-CN-Xiaoxiao2:DragonHDFlashLatestNeural' region='southeastasia' url='https://southeastasia.tts.speech.microsoft.com/cognitiveservices/v1'
[DEBUG-TTS] synth_azure nhan duoc 20592 bytes
  [80/95] sentence      4.1s
[DEBUG-TTS] synth_azure text='路不会因为你少走一天就消失，只会因为你彻底放弃而重新长满草。' len=30 key_len=84 region='southeastasia'
[DEBUG-TTS] synth_azure goi voice='zh-CN-Xiaoxiao2:DragonHDFlashLatestNeural' region='southeastasia' url='https://southeastasia.tts.speech.microsoft.com/cognitiveservices/v1'
[DEBUG-TTS] synth_azure nhan duoc 35424 bytes
  [81/95] sentence      6.8s
[DEBUG-TTS] synth_azure text='第四，给自己留一个看得见的记号。' len=16 key_len=84 region='southeastasia'
[DEBUG-TTS] synth_azure goi voice='zh-CN-Xiaoxiao2:DragonHDFlashLatestNeural' region='southeastasia' url='https://southeastasia.tts.speech.microsoft.com/cognitiveservices/v1'
[DEBUG-TTS] synth_azure nhan duoc 19008 bytes
  [82/95] sentence      3.8s
[DEBUG-TTS] synth_azure text='在日历上画一个小小的勾，勾越多，你就越不想让它断掉。' len=26 key_len=84 region='southeastasia'
[DEBUG-TTS] synth_azure goi voice='zh-CN-Xiaoxiao2:DragonHDFlashLatestNeural' region='southeastasia' url='https://southeastasia.tts.speech.microsoft.com/cognitiveservices/v1'
[DEBUG-TTS] synth_azure nhan duoc 28800 bytes
  [83/95] sentence      5.6s
[DEBUG-TTS] synth_azure text='林小满的桌上就有这样一张日历，上面画满了三百多个勾。' len=26 key_len=84 region='southeastasia'
[DEBUG-TTS] synth_azure goi voice='zh-CN-Xiaoxiao2:DragonHDFlashLatestNeural' region='southeastasia' url='https://southeastasia.tts.speech.microsoft.com/cognitiveservices/v1'
[DEBUG-TTS] synth_azure nhan duoc 31968 bytes
  [84/95] sentence      6.2s
[DEBUG-TTS] synth_azure text='说到底，好习惯靠的不是热情，而是聪明的安排。' len=22 key_len=84 region='southeastasia'
[DEBUG-TTS] synth_azure goi voice='zh-CN-Xiaoxiao2:DragonHDFlashLatestNeural' region='southeastasia' url='https://southeastasia.tts.speech.microsoft.com/cognitiveservices/v1'
[DEBUG-TTS] synth_azure nhan duoc 21600 bytes
  [85/95] sentence      4.3s
[DEBUG-TTS] synth_azure text='你不需要惊天动地的决心，只需要一个准时响起的闹钟。' len=25 key_len=84 region='southeastasia'
[DEBUG-TTS] synth_azure goi voice='zh-CN-Xiaoxiao2:DragonHDFlashLatestNeural' region='southeastasia' url='https://southeastasia.tts.speech.microsoft.com/cognitiveservices/v1'
[DEBUG-TTS] synth_azure nhan duoc 28368 bytes
  [86/95] sentence      5.5s
[DEBUG-TTS] synth_azure text='你不需要感动所有人，只需要不欺骗明天的自己。' len=22 key_len=84 region='southeastasia'
[DEBUG-TTS] synth_azure goi voice='zh-CN-Xiaoxiao2:DragonHDFlashLatestNeural' region='southeastasia' url='https://southeastasia.tts.speech.microsoft.com/cognitiveservices/v1'
[DEBUG-TTS] synth_azure nhan duoc 25488 bytes
  [87/95] sentence      5.0s
[DEBUG-TTS] synth_azure text='你不需要一次走完全程，只需要今天再走一遍昨天走过的路。' len=27 key_len=84 region='southeastasia'
[DEBUG-TTS] synth_azure goi voice='zh-CN-Xiaoxiao2:DragonHDFlashLatestNeural' region='southeastasia' url='https://southeastasia.tts.speech.microsoft.com/cognitiveservices/v1'
[DEBUG-TTS] synth_azure nhan duoc 29376 bytes
  [88/95] sentence      5.7s
[DEBUG-TTS] synth_azure text='别小看你今天做的那一点点小事。' len=15 key_len=84 region='southeastasia'
[DEBUG-TTS] synth_azure goi voice='zh-CN-Xiaoxiao2:DragonHDFlashLatestNeural' region='southeastasia' url='https://southeastasia.tts.speech.microsoft.com/cognitiveservices/v1'
[DEBUG-TTS] synth_azure nhan duoc 17424 bytes
  [89/95] sentence      3.5s
[DEBUG-TTS] synth_azure text='它今天看不出来，明天也看不出来，可是一年后回头，你会吓一跳。' len=30 key_len=84 region='southeastasia'
[DEBUG-TTS] synth_azure goi voice='zh-CN-Xiaoxiao2:DragonHDFlashLatestNeural' region='southeastasia' url='https://southeastasia.tts.speech.microsoft.com/cognitiveservices/v1'
[DEBUG-TTS] synth_azure nhan duoc 32400 bytes
  [90/95] sentence      6.3s
[DEBUG-TTS] synth_azure text='就像没有人看见清晨六点的那盏灯，可它一直亮着。' len=23 key_len=84 region='southeastasia'
[DEBUG-TTS] synth_azure goi voice='zh-CN-Xiaoxiao2:DragonHDFlashLatestNeural' region='southeastasia' url='https://southeastasia.tts.speech.microsoft.com/cognitiveservices/v1'
[DEBUG-TTS] synth_azure nhan duoc 24912 bytes
  [91/95] sentence      4.9s
[DEBUG-TTS] synth_azure text='每天一小步，脚下自成路。' len=12 key_len=84 region='southeastasia'
[DEBUG-TTS] synth_azure goi voice='zh-CN-Xiaoxiao2:DragonHDFlashLatestNeural' region='southeastasia' url='https://southeastasia.tts.speech.microsoft.com/cognitiveservices/v1'
[DEBUG-TTS] synth_azure nhan duoc 18000 bytes
  [92/95] sentence      3.6s
[DEBUG-TTS] synth_azure text='愿你也有这样一条自己的小路：不宽，不急，却一直往前。' len=26 key_len=84 region='southeastasia'
[DEBUG-TTS] synth_azure goi voice='zh-CN-Xiaoxiao2:DragonHDFlashLatestNeural' region='southeastasia' url='https://southeastasia.tts.speech.microsoft.com/cognitiveservices/v1'
[DEBUG-TTS] synth_azure nhan duoc 38592 bytes
  [93/95] sentence      7.4s
[DEBUG-TTS] synth_azure text='愿多年以后，你回头看见的，是一条清清楚楚、属于你自己的路。' len=29 key_len=84 region='southeastasia'
[DEBUG-TTS] synth_azure goi voice='zh-CN-Xiaoxiao2:DragonHDFlashLatestNeural' region='southeastasia' url='https://southeastasia.tts.speech.microsoft.com/cognitiveservices/v1'
[DEBUG-TTS] synth_azure nhan duoc 37728 bytes
  [94/95] sentence      7.3s
[DEBUG-TTS] synth_azure text='那时你要感谢的，不是运气，而是每天六点起床的那个自己。' len=27 key_len=84 region='southeastasia'
[DEBUG-TTS] synth_azure goi voice='zh-CN-Xiaoxiao2:DragonHDFlashLatestNeural' region='southeastasia' url='https://southeastasia.tts.speech.microsoft.com/cognitiveservices/v1'
[DEBUG-TTS] synth_azure nhan duoc 31392 bytes
  [95/95] sentence      6.1s
   + Intro 10.0s -> da dich timestamp

✅ XONG: /Users/nhatnv/project/tool-multi-lang/output/The_Path_Beneath_Your_Feet_1785049672743.mp4
   Thoi luong: 525.2s
   Thumbnail: The_Path_Beneath_Your_Feet_1785049672743.thumb.jpg
[DEBUG-TTS] raw voice='azure:zh-CN-Yunfan:DragonHDLatestNeural' engine='azure' vname='zh-CN-Yunfan:DragonHDLatestNeural' eleven_voice='' eleven_model='eleven_multilingual_v2'
>> Bai 1: Ten Pages Before Sleep — 90 doan
   Co chu cau (dong nhat): 100px
  [BG] 1 nguồn nền (1 ảnh + 0 video) — chia đều theo thời lượng
[DEBUG-TTS] synth_azure text='夜里十一点，城市慢慢安静下来。' len=15 key_len=84 region='southeastasia'
[DEBUG-TTS] synth_azure goi voice='zh-CN-Yunfan:DragonHDLatestNeural' region='southeastasia' url='https://southeastasia.tts.speech.microsoft.com/cognitiveservices/v1'
[DEBUG-TTS] synth_azure nhan duoc 19152 bytes
  [01/90] sentence      3.8s
[DEBUG-TTS] synth_azure text='一间小小的出租屋里，床头的灯还亮着。' len=18 key_len=84 region='southeastasia'
[DEBUG-TTS] synth_azure goi voice='zh-CN-Yunfan:DragonHDLatestNeural' region='southeastasia' url='https://southeastasia.tts.speech.microsoft.com/cognitiveservices/v1'
[DEBUG-TTS] synth_azure nhan duoc 27936 bytes
  [02/90] sentence      5.5s
[DEBUG-TTS] synth_azure text='灯光很小，却足够照亮眼前的一页。' len=16 key_len=84 region='southeastasia'
[DEBUG-TTS] synth_azure goi voice='zh-CN-Yunfan:DragonHDLatestNeural' region='southeastasia' url='https://southeastasia.tts.speech.microsoft.com/cognitiveservices/v1'
[DEBUG-TTS] synth_azure nhan duoc 22320 bytes
  [03/90] sentence      4.4s
[DEBUG-TTS] synth_azure text='灯下放着一本书，不厚，也不新。' len=15 key_len=84 region='southeastasia'
[DEBUG-TTS] synth_azure goi voice='zh-CN-Yunfan:DragonHDLatestNeural' region='southeastasia' url='https://southeastasia.tts.speech.microsoft.com/cognitiveservices/v1'
[DEBUG-TTS] synth_azure nhan duoc 22464 bytes
  [04/90] sentence      4.4s
[DEBUG-TTS] synth_azure text='书页被翻过的地方，轻轻卷起了一点边。' len=18 key_len=84 region='southeastasia'
[DEBUG-TTS] synth_azure goi voice='zh-CN-Yunfan:DragonHDLatestNeural' region='southeastasia' url='https://southeastasia.tts.speech.microsoft.com/cognitiveservices/v1'
[DEBUG-TTS] synth_azure nhan duoc 25344 bytes
  [05/90] sentence      5.0s
[DEBUG-TTS] synth_azure text='有人在睡前翻开它，读十页，然后关灯。' len=18 key_len=84 region='southeastasia'
[DEBUG-TTS] synth_azure goi voice='zh-CN-Yunfan:DragonHDLatestNeural' region='southeastasia' url='https://southeastasia.tts.speech.microsoft.com/cognitiveservices/v1'
[DEBUG-TTS] synth_azure nhan duoc 27936 bytes
  [06/90] sentence      5.5s
[DEBUG-TTS] synth_azure text='这个小小的动作，正在悄悄改变一个人的一生。' len=21 key_len=84 region='southeastasia'
[DEBUG-TTS] synth_azure goi voice='zh-CN-Yunfan:DragonHDLatestNeural' region='southeastasia' url='https://southeastasia.tts.speech.microsoft.com/cognitiveservices/v1'
[DEBUG-TTS] synth_azure nhan duoc 26352 bytes
  [07/90] sentence      5.2s
[DEBUG-TTS] synth_azure text='我们常听人说"多读书"，可很多人一听就摇头。' len=22 key_len=84 region='southeastasia'
[DEBUG-TTS] synth_azure goi voice='zh-CN-Yunfan:DragonHDLatestNeural' region='southeastasia' url='https://southeastasia.tts.speech.microsoft.com/cognitiveservices/v1'
[DEBUG-TTS] synth_azure nhan duoc 23184 bytes
  [08/90] sentence      4.6s
[DEBUG-TTS] synth_azure text='没时间，太累，读了也记不住——这些话，你可能也说过。' len=26 key_len=84 region='southeastasia'
[DEBUG-TTS] synth_azure goi voice='zh-CN-Yunfan:DragonHDLatestNeural' region='southeastasia' url='https://southeastasia.tts.speech.microsoft.com/cognitiveservices/v1'
[DEBUG-TTS] synth_azure nhan duoc 28224 bytes
  [09/90] sentence      5.6s
[DEBUG-TTS] synth_azure text='其实多读书，不是要你一口气读完一本厚书。' len=20 key_len=84 region='southeastasia'
[DEBUG-TTS] synth_azure goi voice='zh-CN-Yunfan:DragonHDLatestNeural' region='southeastasia' url='https://southeastasia.tts.speech.microsoft.com/cognitiveservices/v1'
[DEBUG-TTS] synth_azure nhan duoc 26208 bytes
  [10/90] sentence      5.1s
[DEBUG-TTS] synth_azure text='它只是请你每天留十页的时间给自己。' len=17 key_len=84 region='southeastasia'
[DEBUG-TTS] synth_azure goi voice='zh-CN-Yunfan:DragonHDLatestNeural' region='southeastasia' url='https://southeastasia.tts.speech.microsoft.com/cognitiveservices/v1'
[DEBUG-TTS] synth_azure nhan duoc 25344 bytes
  [11/90] sentence      5.0s
[DEBUG-TTS] synth_azure text='十页很少，少到你不好意思说"做不到"。' len=19 key_len=84 region='southeastasia'
[DEBUG-TTS] synth_azure goi voice='zh-CN-Yunfan:DragonHDLatestNeural' region='southeastasia' url='https://southeastasia.tts.speech.microsoft.com/cognitiveservices/v1'
[DEBUG-TTS] synth_azure nhan duoc 25632 bytes
  [12/90] sentence      5.0s
[DEBUG-TTS] synth_azure text='一天十页，一个月就是一本书，一年就是十几本。' len=22 key_len=84 region='southeastasia'
[DEBUG-TTS] synth_azure goi voice='zh-CN-Yunfan:DragonHDLatestNeural' region='southeastasia' url='https://southeastasia.tts.speech.microsoft.com/cognitiveservices/v1'
[DEBUG-TTS] synth_azure nhan duoc 34848 bytes
  [13/90] sentence      6.7s
[DEBUG-TTS] synth_azure text='手机里的世界很热闹，可热闹过去，什么也没留下。' len=23 key_len=84 region='southeastasia'
[DEBUG-TTS] synth_azure goi voice='zh-CN-Yunfan:DragonHDLatestNeural' region='southeastasia' url='https://southeastasia.tts.speech.microsoft.com/cognitiveservices/v1'
[DEBUG-TTS] synth_azure nhan duoc 23904 bytes
  [14/90] sentence      4.7s
[DEBUG-TTS] synth_azure text='书不一样，你读过的每一页，都会留在你身上。' len=21 key_len=84 region='southeastasia'
[DEBUG-TTS] synth_azure goi voice='zh-CN-Yunfan:DragonHDLatestNeural' region='southeastasia' url='https://southeastasia.tts.speech.microsoft.com/cognitiveservices/v1'
[DEBUG-TTS] synth_azure nhan duoc 22896 bytes
  [15/90] sentence      4.5s
[DEBUG-TTS] synth_azure text='书不挑人，不问你的学历，也不问你住多大的房间。' len=23 key_len=84 region='southeastasia'
[DEBUG-TTS] synth_azure goi voice='zh-CN-Yunfan:DragonHDLatestNeural' region='southeastasia' url='https://southeastasia.tts.speech.microsoft.com/cognitiveservices/v1'
[DEBUG-TTS] synth_azure nhan duoc 28944 bytes
  [16/90] sentence      5.6s
[DEBUG-TTS] synth_azure text='十八九岁也好，二十四岁也好，什么时候翻开第一页都不晚。' len=27 key_len=84 region='southeastasia'
[DEBUG-TTS] synth_azure goi voice='zh-CN-Yunfan:DragonHDLatestNeural' region='southeastasia' url='https://southeastasia.tts.speech.microsoft.com/cognitiveservices/v1'
[DEBUG-TTS] synth_azure nhan duoc 27360 bytes
  [17/90] sentence      5.4s
[DEBUG-TTS] synth_azure text='可正是这十页，能把一个普通的夜晚，变成往上走的台阶。' len=26 key_len=84 region='southeastasia'
[DEBUG-TTS] synth_azure goi voice='zh-CN-Yunfan:DragonHDLatestNeural' region='southeastasia' url='https://southeastasia.tts.speech.microsoft.com/cognitiveservices/v1'
[DEBUG-TTS] synth_azure nhan duoc 36576 bytes
  [18/90] sentence      7.1s
[DEBUG-TTS] synth_azure text='赵磊今年二十四岁，在一家快递公司的仓库上班。' len=22 key_len=84 region='southeastasia'
[DEBUG-TTS] synth_azure goi voice='zh-CN-Yunfan:DragonHDLatestNeural' region='southeastasia' url='https://southeastasia.tts.speech.microsoft.com/cognitiveservices/v1'
[DEBUG-TTS] synth_azure nhan duoc 30528 bytes
  [19/90] sentence      5.9s
[DEBUG-TTS] synth_azure text='他高中毕业就出来打工，每天扫码、分货、搬箱子。' len=23 key_len=84 region='southeastasia'
[DEBUG-TTS] synth_azure goi voice='zh-CN-Yunfan:DragonHDLatestNeural' region='southeastasia' url='https://southeastasia.tts.speech.microsoft.com/cognitiveservices/v1'
[DEBUG-TTS] synth_azure nhan duoc 30240 bytes
  [20/90] sentence      5.9s
[DEBUG-TTS] synth_azure text='晚上回到出租屋，他累得一句话也不想说。' len=19 key_len=84 region='southeastasia'
[DEBUG-TTS] synth_azure goi voice='zh-CN-Yunfan:DragonHDLatestNeural' region='southeastasia' url='https://southeastasia.tts.speech.microsoft.com/cognitiveservices/v1'
[DEBUG-TTS] synth_azure nhan duoc 19296 bytes
  [21/90] sentence      3.9s
[DEBUG-TTS] synth_azure text='人在最累的时候，最容易做的事，就是躺下刷手机。' len=23 key_len=84 region='southeastasia'
[DEBUG-TTS] synth_azure goi voice='zh-CN-Yunfan:DragonHDLatestNeural' region='southeastasia' url='https://southeastasia.tts.speech.microsoft.com/cognitiveservices/v1'
[DEBUG-TTS] synth_azure nhan duoc 38736 bytes
  [22/90] sentence      7.5s
[DEBUG-TTS] synth_azure text='他一刷就是两三个小时，可第二天醒来，心里反而更空。' len=25 key_len=84 region='southeastasia'
[DEBUG-TTS] synth_azure goi voice='zh-CN-Yunfan:DragonHDLatestNeural' region='southeastasia' url='https://southeastasia.tts.speech.microsoft.com/cognitiveservices/v1'
[DEBUG-TTS] synth_azure nhan duoc 29808 bytes
  [23/90] sentence      5.8s
[DEBUG-TTS] synth_azure text='改变，发生在一个很普通的晚上。' len=15 key_len=84 region='southeastasia'
[DEBUG-TTS] synth_azure goi voice='zh-CN-Yunfan:DragonHDLatestNeural' region='southeastasia' url='https://southeastasia.tts.speech.microsoft.com/cognitiveservices/v1'
[DEBUG-TTS] synth_azure nhan duoc 14112 bytes
  [24/90] sentence      2.9s
[DEBUG-TTS] synth_azure text='那天整理仓库时，他捡到一本客户忘在包裹堆里的书，等了几天也没人来找。' len=34 key_len=84 region='southeastasia'
[DEBUG-TTS] synth_azure goi voice='zh-CN-Yunfan:DragonHDLatestNeural' region='southeastasia' url='https://southeastasia.tts.speech.microsoft.com/cognitiveservices/v1'
[DEBUG-TTS] synth_azure nhan duoc 45504 bytes
  [25/90] sentence      8.7s
[DEBUG-TTS] synth_azure text='他把书带回出租屋，那天晚上手机刚好没电，他就随手翻开了它。' len=29 key_len=84 region='southeastasia'
[DEBUG-TTS] synth_azure goi voice='zh-CN-Yunfan:DragonHDLatestNeural' region='southeastasia' url='https://southeastasia.tts.speech.microsoft.com/cognitiveservices/v1'
[DEBUG-TTS] synth_azure nhan duoc 38304 bytes
  [26/90] sentence      7.4s
[DEBUG-TTS] synth_azure text='本来只想看两页，他却一口气读到了第十页。' len=20 key_len=84 region='southeastasia'
[DEBUG-TTS] synth_azure goi voice='zh-CN-Yunfan:DragonHDLatestNeural' region='southeastasia' url='https://southeastasia.tts.speech.microsoft.com/cognitiveservices/v1'
[DEBUG-TTS] synth_azure nhan duoc 24912 bytes
  [27/90] sentence      4.9s
[DEBUG-TTS] synth_azure text='合上书的时候，他心里安静得出奇。' len=16 key_len=84 region='southeastasia'
[DEBUG-TTS] synth_azure goi voice='zh-CN-Yunfan:DragonHDLatestNeural' region='southeastasia' url='https://southeastasia.tts.speech.microsoft.com/cognitiveservices/v1'
[DEBUG-TTS] synth_azure nhan duoc 20592 bytes
  [28/90] sentence      4.1s
[DEBUG-TTS] synth_azure text='他想，就十页，自己每天应该做得到。' len=17 key_len=84 region='southeastasia'
[DEBUG-TTS] synth_azure goi voice='zh-CN-Yunfan:DragonHDLatestNeural' region='southeastasia' url='https://southeastasia.tts.speech.microsoft.com/cognitiveservices/v1'
[DEBUG-TTS] synth_azure nhan duoc 19296 bytes
  [29/90] sentence      3.9s
[DEBUG-TTS] synth_azure text='从那天起，他给自己定了一个最小的规矩：睡前读十页，再困也读。' len=30 key_len=84 region='southeastasia'
[DEBUG-TTS] synth_azure goi voice='zh-CN-Yunfan:DragonHDLatestNeural' region='southeastasia' url='https://southeastasia.tts.speech.microsoft.com/cognitiveservices/v1'
[DEBUG-TTS] synth_azure nhan duoc 40032 bytes
  [30/90] sentence      7.7s
[DEBUG-TTS] synth_azure text='他把手机放到桌子那头，把书放在枕头旁边。' len=20 key_len=84 region='southeastasia'
[DEBUG-TTS] synth_azure goi voice='zh-CN-Yunfan:DragonHDLatestNeural' region='southeastasia' url='https://southeastasia.tts.speech.microsoft.com/cognitiveservices/v1'
[DEBUG-TTS] synth_azure nhan duoc 27216 bytes
  [31/90] sentence      5.3s
[DEBUG-TTS] synth_azure text='仓库的同事们知道了，都拿这件事开玩笑。' len=19 key_len=84 region='southeastasia'
[DEBUG-TTS] synth_azure goi voice='zh-CN-Yunfan:DragonHDLatestNeural' region='southeastasia' url='https://southeastasia.tts.speech.microsoft.com/cognitiveservices/v1'
[DEBUG-TTS] synth_azure nhan duoc 22608 bytes
  [32/90] sentence      4.5s
[DEBUG-TTS] synth_azure text='老陈拍着他的肩膀说："赵磊，搬箱子的读什么书？读完不还是搬箱子？"' len=33 key_len=84 region='southeastasia'
[DEBUG-TTS] synth_azure goi voice='zh-CN-YunjianNeural' region='southeastasia' url='https://southeastasia.tts.speech.microsoft.com/cognitiveservices/v1'
[DEBUG-TTS] synth_azure nhan duoc 50400 bytes
  [33/90] sentence      8.7s
[DEBUG-TTS] synth_azure text='赵磊笑了笑，说："先读着吧，说不定哪天就用上了。"' len=25 key_len=84 region='southeastasia'
[DEBUG-TTS] synth_azure goi voice='zh-CN-YunjianNeural' region='southeastasia' url='https://southeastasia.tts.speech.microsoft.com/cognitiveservices/v1'
[DEBUG-TTS] synth_azure nhan duoc 33840 bytes
  [34/90] sentence      5.9s
[DEBUG-TTS] synth_azure text='说不在意是假的，可那天晚上，他还是把十页读完了。' len=24 key_len=84 region='southeastasia'
[DEBUG-TTS] synth_azure goi voice='zh-CN-Yunfan:DragonHDLatestNeural' region='southeastasia' url='https://southeastasia.tts.speech.microsoft.com/cognitiveservices/v1'
[DEBUG-TTS] synth_azure nhan duoc 32832 bytes
  [35/90] sentence      6.4s
[DEBUG-TTS] synth_azure text='最难的是旺季，仓库天天加班到夜里十一二点。' len=21 key_len=84 region='southeastasia'
[DEBUG-TTS] synth_azure goi voice='zh-CN-Yunfan:DragonHDLatestNeural' region='southeastasia' url='https://southeastasia.tts.speech.microsoft.com/cognitiveservices/v1'
[DEBUG-TTS] synth_azure nhan duoc 31680 bytes
  [36/90] sentence      6.1s
[DEBUG-TTS] synth_azure text='有整整一个星期，他回到房间倒头就睡，一页也没读。' len=24 key_len=84 region='southeastasia'
[DEBUG-TTS] synth_azure goi voice='zh-CN-Yunfan:DragonHDLatestNeural' region='southeastasia' url='https://southeastasia.tts.speech.microsoft.com/cognitiveservices/v1'
[DEBUG-TTS] synth_azure nhan duoc 35568 bytes
  [37/90] sentence      6.9s
[DEBUG-TTS] synth_azure text='他心想，算了吧，自己这样的人，读了也白读。' len=21 key_len=84 region='southeastasia'
[DEBUG-TTS] synth_azure goi voice='zh-CN-Yunfan:DragonHDLatestNeural' region='southeastasia' url='https://southeastasia.tts.speech.microsoft.com/cognitiveservices/v1'
[DEBUG-TTS] synth_azure nhan duoc 24336 bytes
  [38/90] sentence      4.8s
[DEBUG-TTS] synth_azure text='可周日晚上，他看见枕头边那本书，书签还停在原来的地方。' len=27 key_len=84 region='southeastasia'
[DEBUG-TTS] synth_azure goi voice='zh-CN-Yunfan:DragonHDLatestNeural' region='southeastasia' url='https://southeastasia.tts.speech.microsoft.com/cognitiveservices/v1'
[DEBUG-TTS] synth_azure nhan duoc 34848 bytes
  [39/90] sentence      6.7s
[DEBUG-TTS] synth_azure text='书没有怪他，只是安安静静地等他回来。' len=18 key_len=84 region='southeastasia'
[DEBUG-TTS] synth_azure goi voice='zh-CN-Yunfan:DragonHDLatestNeural' region='southeastasia' url='https://southeastasia.tts.speech.microsoft.com/cognitiveservices/v1'
[DEBUG-TTS] synth_azure nhan duoc 20448 bytes
  [40/90] sentence      4.1s
[DEBUG-TTS] synth_azure text='他坐起来，开了灯，把那十页补了回来。' len=18 key_len=84 region='southeastasia'
[DEBUG-TTS] synth_azure goi voice='zh-CN-Yunfan:DragonHDLatestNeural' region='southeastasia' url='https://southeastasia.tts.speech.microsoft.com/cognitiveservices/v1'
[DEBUG-TTS] synth_azure nhan duoc 26352 bytes
  [41/90] sentence      5.2s
[DEBUG-TTS] synth_azure text='从那以后，再忙他也不让自己断掉：加班太晚就读五页，但绝不读零页。' len=32 key_len=84 region='southeastasia'
[DEBUG-TTS] synth_azure goi voice='zh-CN-Yunfan:DragonHDLatestNeural' region='southeastasia' url='https://southeastasia.tts.speech.microsoft.com/cognitiveservices/v1'
[DEBUG-TTS] synth_azure nhan duoc 44928 bytes
  [42/90] sentence      8.6s
[DEBUG-TTS] synth_azure text='一页一页地读，一天一天地积。' len=14 key_len=84 region='southeastasia'
[DEBUG-TTS] synth_azure goi voice='zh-CN-Yunfan:DragonHDLatestNeural' region='southeastasia' url='https://southeastasia.tts.speech.microsoft.com/cognitiveservices/v1'
[DEBUG-TTS] synth_azure nhan duoc 14832 bytes
  [43/90] sentence      3.0s
[DEBUG-TTS] synth_azure text='一年多过去，他读完了二十几本书，后来开始读物流方面的书。' len=28 key_len=84 region='southeastasia'
[DEBUG-TTS] synth_azure goi voice='zh-CN-Yunfan:DragonHDLatestNeural' region='southeastasia' url='https://southeastasia.tts.speech.microsoft.com/cognitiveservices/v1'
[DEBUG-TTS] synth_azure nhan duoc 31824 bytes
  [44/90] sentence      6.2s
[DEBUG-TTS] synth_azure text='他报名去考仓储管理的职业证书（通过考试拿到的证明），白天记不住的内容，就抄在小本子上。' len=43 key_len=84 region='southeastasia'
[DEBUG-TTS] synth_azure goi voice='zh-CN-Yunfan:DragonHDLatestNeural' region='southeastasia' url='https://southeastasia.tts.speech.microsoft.com/cognitiveservices/v1'
[DEBUG-TTS] synth_azure nhan duoc 56304 bytes
  [45/90] sentence     10.7s
[DEBUG-TTS] synth_azure text='成绩出来那天，他盯着屏幕上"合格"两个字，愣了很久。' len=26 key_len=84 region='southeastasia'
[DEBUG-TTS] synth_azure goi voice='zh-CN-Yunfan:DragonHDLatestNeural' region='southeastasia' url='https://southeastasia.tts.speech.microsoft.com/cognitiveservices/v1'
[DEBUG-TTS] synth_azure nhan duoc 31536 bytes
  [46/90] sentence      6.1s
[DEBUG-TTS] synth_azure text='三个月后，公司的调度（安排车辆和货物的工作）岗位缺人，主管第一个想到了他。' len=37 key_len=84 region='southeastasia'
[DEBUG-TTS] synth_azure goi voice='zh-CN-Yunfan:DragonHDLatestNeural' region='southeastasia' url='https://southeastasia.tts.speech.microsoft.com/cognitiveservices/v1'
[DEBUG-TTS] synth_azure nhan duoc 54288 bytes
  [47/90] sentence     10.3s
[DEBUG-TTS] synth_azure text='因为整个仓库里，一直没停下学习的，只有赵磊一个。' len=24 key_len=84 region='southeastasia'
[DEBUG-TTS] synth_azure goi voice='zh-CN-Yunfan:DragonHDLatestNeural' region='southeastasia' url='https://southeastasia.tts.speech.microsoft.com/cognitiveservices/v1'
[DEBUG-TTS] synth_azure nhan duoc 23904 bytes
  [48/90] sentence      4.7s
[DEBUG-TTS] synth_azure text='现在他坐在办公室里排车次、看数据；晚上回家，依然读十页。' len=28 key_len=84 region='southeastasia'
[DEBUG-TTS] synth_azure goi voice='zh-CN-Yunfan:DragonHDLatestNeural' region='southeastasia' url='https://southeastasia.tts.speech.microsoft.com/cognitiveservices/v1'
[DEBUG-TTS] synth_azure nhan duoc 34560 bytes
  [49/90] sentence      6.7s
[DEBUG-TTS] synth_azure text='老陈再见到他，没有再开玩笑，只是小声问："你那本书，能借我看看吗？"' len=34 key_len=84 region='southeastasia'
[DEBUG-TTS] synth_azure goi voice='zh-CN-Yunfan:DragonHDLatestNeural' region='southeastasia' url='https://southeastasia.tts.speech.microsoft.com/cognitiveservices/v1'
[DEBUG-TTS] synth_azure nhan duoc 38304 bytes
  [50/90] sentence      7.4s
[DEBUG-TTS] synth_azure text='如果你问，十页这么少，凭什么能改变一个人？' len=21 key_len=84 region='southeastasia'
[DEBUG-TTS] synth_azure goi voice='zh-CN-Yunfan:DragonHDLatestNeural' region='southeastasia' url='https://southeastasia.tts.speech.microsoft.com/cognitiveservices/v1'
[DEBUG-TTS] synth_azure nhan duoc 23904 bytes
  [51/90] sentence      5.1s
[DEBUG-TTS] synth_azure text='去看看夏天的两种雨，你就明白了。' len=16 key_len=84 region='southeastasia'
[DEBUG-TTS] synth_azure goi voice='zh-CN-Yunfan:DragonHDLatestNeural' region='southeastasia' url='https://southeastasia.tts.speech.microsoft.com/cognitiveservices/v1'
[DEBUG-TTS] synth_azure nhan duoc 21312 bytes
  [52/90] sentence      4.2s
[DEBUG-TTS] synth_azure text='暴雨来得又急又猛，噼里啪啦地砸在地上。' len=19 key_len=84 region='southeastasia'
[DEBUG-TTS] synth_azure goi voice='zh-CN-Yunfan:DragonHDLatestNeural' region='southeastasia' url='https://southeastasia.tts.speech.microsoft.com/cognitiveservices/v1'
[DEBUG-TTS] synth_azure nhan duoc 20880 bytes
  [53/90] sentence      4.2s
[DEBUG-TTS] synth_azure text='可地面太硬，水来不及进去，就顺着街道流走了。' len=22 key_len=84 region='southeastasia'
[DEBUG-TTS] synth_azure goi voice='zh-CN-Yunfan:DragonHDLatestNeural' region='southeastasia' url='https://southeastasia.tts.speech.microsoft.com/cognitiveservices/v1'
[DEBUG-TTS] synth_azure nhan duoc 26640 bytes
  [54/90] sentence      5.2s
[DEBUG-TTS] synth_azure text='雨停了，土的深处还是干的。' len=13 key_len=84 region='southeastasia'
[DEBUG-TTS] synth_azure goi voice='zh-CN-Yunfan:DragonHDLatestNeural' region='southeastasia' url='https://southeastasia.tts.speech.microsoft.com/cognitiveservices/v1'
[DEBUG-TTS] synth_azure nhan duoc 19008 bytes
  [55/90] sentence      3.8s
[DEBUG-TTS] synth_azure text='那么大的雨，土地却没有喝到多少。' len=16 key_len=84 region='southeastasia'
[DEBUG-TTS] synth_azure goi voice='zh-CN-Yunfan:DragonHDLatestNeural' region='southeastasia' url='https://southeastasia.tts.speech.microsoft.com/cognitiveservices/v1'
[DEBUG-TTS] synth_azure nhan duoc 25200 bytes
  [56/90] sentence      5.0s
[DEBUG-TTS] synth_azure text='小雨不一样。' len=6 key_len=84 region='southeastasia'
[DEBUG-TTS] synth_azure goi voice='zh-CN-Yunfan:DragonHDLatestNeural' region='southeastasia' url='https://southeastasia.tts.speech.microsoft.com/cognitiveservices/v1'
[DEBUG-TTS] synth_azure nhan duoc 5904 bytes
  [57/90] sentence      1.4s
[DEBUG-TTS] synth_azure text='它细细的，慢慢的，好像没有什么力气。' len=18 key_len=84 region='southeastasia'
[DEBUG-TTS] synth_azure goi voice='zh-CN-Yunfan:DragonHDLatestNeural' region='southeastasia' url='https://southeastasia.tts.speech.microsoft.com/cognitiveservices/v1'
[DEBUG-TTS] synth_azure nhan duoc 17568 bytes
  [58/90] sentence      3.5s
[DEBUG-TTS] synth_azure text='可它下了一天又一天，一点一点地渗（慢慢地进到里面去）进土里。' len=30 key_len=84 region='southeastasia'
[DEBUG-TTS] synth_azure goi voice='zh-CN-Yunfan:DragonHDLatestNeural' region='southeastasia' url='https://southeastasia.tts.speech.microsoft.com/cognitiveservices/v1'
[DEBUG-TTS] synth_azure nhan duoc 38880 bytes
  [59/90] sentence      7.5s
[DEBUG-TTS] synth_azure text='土松了，软了，深处湿润了。' len=13 key_len=84 region='southeastasia'
[DEBUG-TTS] synth_azure goi voice='zh-CN-Yunfan:DragonHDLatestNeural' region='southeastasia' url='https://southeastasia.tts.speech.microsoft.com/cognitiveservices/v1'
[DEBUG-TTS] synth_azure nhan duoc 21888 bytes
  [60/90] sentence      4.3s
[DEBUG-TTS] synth_azure text='根扎得下去了，树才站得起来。' len=14 key_len=84 region='southeastasia'
[DEBUG-TTS] synth_azure goi voice='zh-CN-Yunfan:DragonHDLatestNeural' region='southeastasia' url='https://southeastasia.tts.speech.microsoft.com/cognitiveservices/v1'
[DEBUG-TTS] synth_azure nhan duoc 16272 bytes
  [61/90] sentence      3.3s
[DEBUG-TTS] synth_azure text='种田的人最喜欢这样的雨，因为它下得慢，土地喝得进去。' len=26 key_len=84 region='southeastasia'
[DEBUG-TTS] synth_azure goi voice='zh-CN-Yunfan:DragonHDLatestNeural' region='southeastasia' url='https://southeastasia.tts.speech.microsoft.com/cognitiveservices/v1'
[DEBUG-TTS] synth_azure nhan duoc 27360 bytes
  [62/90] sentence      5.1s
[DEBUG-TTS] synth_azure text='被小雨养软的土地，才养得活田里的苗。' len=18 key_len=84 region='southeastasia'
[DEBUG-TTS] synth_azure goi voice='zh-CN-Yunfan:DragonHDLatestNeural' region='southeastasia' url='https://southeastasia.tts.speech.microsoft.com/cognitiveservices/v1'
[DEBUG-TTS] synth_azure nhan duoc 26352 bytes
  [63/90] sentence      5.2s
[DEBUG-TTS] synth_azure text='一口气拼三天的努力，就像那场暴雨，来得快，流走得也快。' len=27 key_len=84 region='southeastasia'
[DEBUG-TTS] synth_azure goi voice='zh-CN-Yunfan:DragonHDLatestNeural' region='southeastasia' url='https://southeastasia.tts.speech.microsoft.com/cognitiveservices/v1'
[DEBUG-TTS] synth_azure nhan duoc 39600 bytes
  [64/90] sentence      7.6s
[DEBUG-TTS] synth_azure text='每晚的十页，就像那场小雨，看不出动静，却一直往心里渗。' len=27 key_len=84 region='southeastasia'
[DEBUG-TTS] synth_azure goi voice='zh-CN-Yunfan:DragonHDLatestNeural' region='southeastasia' url='https://southeastasia.tts.speech.microsoft.com/cognitiveservices/v1'
[DEBUG-TTS] synth_azure nhan duoc 40608 bytes
  [65/90] sentence      7.8s
[DEBUG-TTS] synth_azure text='雨小，不代表雨没有力量；它只是把力量放进了时间里。' len=25 key_len=84 region='southeastasia'
[DEBUG-TTS] synth_azure goi voice='zh-CN-Yunfan:DragonHDLatestNeural' region='southeastasia' url='https://southeastasia.tts.speech.microsoft.com/cognitiveservices/v1'
[DEBUG-TTS] synth_azure nhan duoc 31392 bytes
  [66/90] sentence      6.1s
[DEBUG-TTS] synth_azure text='一页一页，是雨落下来。' len=11 key_len=84 region='southeastasia'
[DEBUG-TTS] synth_azure goi voice='zh-CN-Yunfan:DragonHDLatestNeural' region='southeastasia' url='https://southeastasia.tts.speech.microsoft.com/cognitiveservices/v1'
[DEBUG-TTS] synth_azure nhan duoc 16992 bytes
  [67/90] sentence      3.4s
[DEBUG-TTS] synth_azure text='一天一天，是水渗下去。' len=11 key_len=84 region='southeastasia'
[DEBUG-TTS] synth_azure goi voice='zh-CN-Yunfan:DragonHDLatestNeural' region='southeastasia' url='https://southeastasia.tts.speech.microsoft.com/cognitiveservices/v1'
[DEBUG-TTS] synth_azure nhan duoc 14688 bytes
  [68/90] sentence      3.0s
[DEBUG-TTS] synth_azure text='一页一页，一天一天，你心里的土慢慢变软，长出别人看不见的根。' len=30 key_len=84 region='southeastasia'
[DEBUG-TTS] synth_azure goi voice='zh-CN-Yunfan:DragonHDLatestNeural' region='southeastasia' url='https://southeastasia.tts.speech.microsoft.com/cognitiveservices/v1'
[DEBUG-TTS] synth_azure nhan duoc 41616 bytes
  [69/90] sentence      8.0s
[DEBUG-TTS] synth_azure text='如果你也想开始，不用发誓，也不用一次买十本书。' len=23 key_len=84 region='southeastasia'
[DEBUG-TTS] synth_azure goi voice='zh-CN-Yunfan:DragonHDLatestNeural' region='southeastasia' url='https://southeastasia.tts.speech.microsoft.com/cognitiveservices/v1'
[DEBUG-TTS] synth_azure nhan duoc 26640 bytes
  [70/90] sentence      5.2s
[DEBUG-TTS] synth_azure text='你只需要做三件小事。' len=10 key_len=84 region='southeastasia'
[DEBUG-TTS] synth_azure goi voice='zh-CN-Yunfan:DragonHDLatestNeural' region='southeastasia' url='https://southeastasia.tts.speech.microsoft.com/cognitiveservices/v1'
[DEBUG-TTS] synth_azure nhan duoc 11952 bytes
  [71/90] sentence      2.5s
[DEBUG-TTS] synth_azure text='第一，把数字定小：每晚十页，太累的晚上五页，但不要是零页。' len=29 key_len=84 region='southeastasia'
[DEBUG-TTS] synth_azure goi voice='zh-CN-Yunfan:DragonHDLatestNeural' region='southeastasia' url='https://southeastasia.tts.speech.microsoft.com/cognitiveservices/v1'
[DEBUG-TTS] synth_azure nhan duoc 43632 bytes
  [72/90] sentence      8.4s
[DEBUG-TTS] synth_azure text='第二，把书放在床头，把手机放在够不着的地方，让你的手先碰到书。' len=31 key_len=84 region='southeastasia'
[DEBUG-TTS] synth_azure goi voice='zh-CN-Yunfan:DragonHDLatestNeural' region='southeastasia' url='https://southeastasia.tts.speech.microsoft.com/cognitiveservices/v1'
[DEBUG-TTS] synth_azure nhan duoc 44928 bytes
  [73/90] sentence      8.6s
[DEBUG-TTS] synth_azure text='第三，别怕读得慢，也别怕忘。' len=14 key_len=84 region='southeastasia'
[DEBUG-TTS] synth_azure goi voice='zh-CN-Yunfan:DragonHDLatestNeural' region='southeastasia' url='https://southeastasia.tts.speech.microsoft.com/cognitiveservices/v1'
[DEBUG-TTS] synth_azure nhan duoc 21600 bytes
  [74/90] sentence      4.6s
[DEBUG-TTS] synth_azure text='你以为忘了的那些句子，其实会变成你说话的样子、做事的样子。' len=29 key_len=84 region='southeastasia'
[DEBUG-TTS] synth_azure goi voice='zh-CN-Yunfan:DragonHDLatestNeural' region='southeastasia' url='https://southeastasia.tts.speech.microsoft.com/cognitiveservices/v1'
[DEBUG-TTS] synth_azure nhan duoc 31248 bytes
  [75/90] sentence      6.1s
[DEBUG-TTS] synth_azure text='你不需要跟别人比速度，只需要跟昨天的自己接上。' len=23 key_len=84 region='southeastasia'
[DEBUG-TTS] synth_azure goi voice='zh-CN-Yunfan:DragonHDLatestNeural' region='southeastasia' url='https://southeastasia.tts.speech.microsoft.com/cognitiveservices/v1'
[DEBUG-TTS] synth_azure nhan duoc 25776 bytes
  [76/90] sentence      5.1s
[DEBUG-TTS] synth_azure text='断了一天也没关系，第二天翻开，从停下的地方继续。' len=24 key_len=84 region='southeastasia'
[DEBUG-TTS] synth_azure goi voice='zh-CN-Yunfan:DragonHDLatestNeural' region='southeastasia' url='https://southeastasia.tts.speech.microsoft.com/cognitiveservices/v1'
[DEBUG-TTS] synth_azure nhan duoc 30240 bytes
  [77/90] sentence      6.4s
[DEBUG-TTS] synth_azure text='真正让人掉队的，从来不是慢，而是停。' len=18 key_len=84 region='southeastasia'
[DEBUG-TTS] synth_azure goi voice='zh-CN-Yunfan:DragonHDLatestNeural' region='southeastasia' url='https://southeastasia.tts.speech.microsoft.com/cognitiveservices/v1'
[DEBUG-TTS] synth_azure nhan duoc 22032 bytes
  [78/90] sentence      4.4s
[DEBUG-TTS] synth_azure text='十页读完，如果还想读，当然可以继续。' len=18 key_len=84 region='southeastasia'
[DEBUG-TTS] synth_azure goi voice='zh-CN-Yunfan:DragonHDLatestNeural' region='southeastasia' url='https://southeastasia.tts.speech.microsoft.com/cognitiveservices/v1'
[DEBUG-TTS] synth_azure nhan duoc 20016 bytes
  [79/90] sentence      4.0s
[DEBUG-TTS] synth_azure text='但如果不想，也请放心去睡，因为你已经赢了今天。' len=23 key_len=84 region='southeastasia'
[DEBUG-TTS] synth_azure goi voice='zh-CN-Yunfan:DragonHDLatestNeural' region='southeastasia' url='https://southeastasia.tts.speech.microsoft.com/cognitiveservices/v1'
[DEBUG-TTS] synth_azure nhan duoc 29520 bytes
  [80/90] sentence      6.2s
[DEBUG-TTS] synth_azure text='读书从来不奖励最聪明的人，只奖励一直在读的人。' len=23 key_len=84 region='southeastasia'
[DEBUG-TTS] synth_azure goi voice='zh-CN-Yunfan:DragonHDLatestNeural' region='southeastasia' url='https://southeastasia.tts.speech.microsoft.com/cognitiveservices/v1'
[DEBUG-TTS] synth_azure nhan duoc 28944 bytes
  [81/90] sentence      5.6s
[DEBUG-TTS] synth_azure text='亲爱的你，请记住这句话：一页很薄，一年很厚。' len=22 key_len=84 region='southeastasia'
[DEBUG-TTS] synth_azure goi voice='zh-CN-Yunfan:DragonHDLatestNeural' region='southeastasia' url='https://southeastasia.tts.speech.microsoft.com/cognitiveservices/v1'
[DEBUG-TTS] synth_azure nhan duoc 27072 bytes
  [82/90] sentence      5.3s
[DEBUG-TTS] synth_azure text='今晚回到房间，你也许很累，像那年的赵磊一样。' len=22 key_len=84 region='southeastasia'
[DEBUG-TTS] synth_azure goi voice='zh-CN-Yunfan:DragonHDLatestNeural' region='southeastasia' url='https://southeastasia.tts.speech.microsoft.com/cognitiveservices/v1'
[DEBUG-TTS] synth_azure nhan duoc 22320 bytes
  [83/90] sentence      4.4s
[DEBUG-TTS] synth_azure text='没关系，先读十页，读完就睡。' len=14 key_len=84 region='southeastasia'
[DEBUG-TTS] synth_azure goi voice='zh-CN-Yunfan:DragonHDLatestNeural' region='southeastasia' url='https://southeastasia.tts.speech.microsoft.com/cognitiveservices/v1'
[DEBUG-TTS] synth_azure nhan duoc 14832 bytes
  [84/90] sentence      3.3s
[DEBUG-TTS] synth_azure text='一页一页地读，一天一天地长。' len=14 key_len=84 region='southeastasia'
[DEBUG-TTS] synth_azure goi voice='zh-CN-Yunfan:DragonHDLatestNeural' region='southeastasia' url='https://southeastasia.tts.speech.microsoft.com/cognitiveservices/v1'
[DEBUG-TTS] synth_azure nhan duoc 17280 bytes
  [85/90] sentence      3.5s
[DEBUG-TTS] synth_azure text='一页一页，攒的是句子；一天一天，攒的是底气（心里的自信和力量）。' len=32 key_len=84 region='southeastasia'
[DEBUG-TTS] synth_azure goi voice='zh-CN-Yunfan:DragonHDLatestNeural' region='southeastasia' url='https://southeastasia.tts.speech.microsoft.com/cognitiveservices/v1'
[DEBUG-TTS] synth_azure nhan duoc 40608 bytes
  [86/90] sentence      7.8s
[DEBUG-TTS] synth_azure text='某个普通的早晨，你会突然发现，自己已经站在从前到不了的地方。' len=30 key_len=84 region='southeastasia'
[DEBUG-TTS] synth_azure goi voice='zh-CN-Yunfan:DragonHDLatestNeural' region='southeastasia' url='https://southeastasia.tts.speech.microsoft.com/cognitiveservices/v1'
[DEBUG-TTS] synth_azure nhan duoc 37152 bytes
  [87/90] sentence      7.2s
[DEBUG-TTS] synth_azure text='愿你在最累的日子里，也有十页安静的时间。' len=20 key_len=84 region='southeastasia'
[DEBUG-TTS] synth_azure goi voice='zh-CN-Yunfan:DragonHDLatestNeural' region='southeastasia' url='https://southeastasia.tts.speech.microsoft.com/cognitiveservices/v1'
[DEBUG-TTS] synth_azure nhan duoc 28224 bytes
  [88/90] sentence      5.5s
[DEBUG-TTS] synth_azure text='愿你的床头永远有一盏灯，灯下永远有一本翻开的书。' len=24 key_len=84 region='southeastasia'
[DEBUG-TTS] synth_azure goi voice='zh-CN-Yunfan:DragonHDLatestNeural' region='southeastasia' url='https://southeastasia.tts.speech.microsoft.com/cognitiveservices/v1'
[DEBUG-TTS] synth_azure nhan duoc 34272 bytes
  [89/90] sentence      6.6s
[DEBUG-TTS] synth_azure text='一页很薄，一年很厚——晚安，加油。' len=17 key_len=84 region='southeastasia'
[DEBUG-TTS] synth_azure goi voice='zh-CN-Yunfan:DragonHDLatestNeural' region='southeastasia' url='https://southeastasia.tts.speech.microsoft.com/cognitiveservices/v1'
[DEBUG-TTS] synth_azure nhan duoc 24048 bytes
  [90/90] sentence      5.2s
   + Intro 10.0s -> da dich timestamp

✅ XONG: /Users/nhatnv/project/tool-multi-lang/output/Ten_Pages_Before_Sleep_1785050460666.mp4
   Thoi luong: 510.1s
   Thumbnail: Ten_Pages_Before_Sleep_1785050460666.thumb.jpg
[DEBUG-TTS] raw voice='azure:zh-CN-Yunfan:DragonHDLatestNeural' engine='azure' vname='zh-CN-Yunfan:DragonHDLatestNeural' eleven_voice='' eleven_model='eleven_multilingual_v2'
>> Bai 1: Ten Pages Before Sleep — 90 doan
   Co chu cau (dong nhat): 100px
  [BG] 1 nguồn nền (1 ảnh + 0 video) — chia đều theo thời lượng
[DEBUG-TTS] synth_azure text='夜里十一点，城市慢慢安静下来。' len=15 key_len=84 region='southeastasia'
[DEBUG-TTS] synth_azure goi voice='zh-CN-Yunfan:DragonHDLatestNeural' region='southeastasia' url='https://southeastasia.tts.speech.microsoft.com/cognitiveservices/v1'
[DEBUG-TTS] synth_azure nhan duoc 15696 bytes
  [01/90] sentence      3.1s
[DEBUG-TTS] synth_azure text='一间小小的出租屋里，床头的灯还亮着。' len=18 key_len=84 region='southeastasia'
[DEBUG-TTS] synth_azure goi voice='zh-CN-Yunfan:DragonHDLatestNeural' region='southeastasia' url='https://southeastasia.tts.speech.microsoft.com/cognitiveservices/v1'
[DEBUG-TTS] synth_azure nhan duoc 21600 bytes
  [02/90] sentence      4.2s
[DEBUG-TTS] synth_azure text='灯光很小，却足够照亮眼前的一页。' len=16 key_len=84 region='southeastasia'
[DEBUG-TTS] synth_azure goi voice='zh-CN-Yunfan:DragonHDLatestNeural' region='southeastasia' url='https://southeastasia.tts.speech.microsoft.com/cognitiveservices/v1'
[DEBUG-TTS] synth_azure nhan duoc 21744 bytes
  [03/90] sentence      4.2s
[DEBUG-TTS] synth_azure text='灯下放着一本书，不厚，也不新。' len=15 key_len=84 region='southeastasia'
[DEBUG-TTS] synth_azure goi voice='zh-CN-Yunfan:DragonHDLatestNeural' region='southeastasia' url='https://southeastasia.tts.speech.microsoft.com/cognitiveservices/v1'
[DEBUG-TTS] synth_azure nhan duoc 24048 bytes
  [04/90] sentence      4.6s
[DEBUG-TTS] synth_azure text='书页被翻过的地方，轻轻卷起了一点边。' len=18 key_len=84 region='southeastasia'
[DEBUG-TTS] synth_azure goi voice='zh-CN-Yunfan:DragonHDLatestNeural' region='southeastasia' url='https://southeastasia.tts.speech.microsoft.com/cognitiveservices/v1'
[DEBUG-TTS] synth_azure nhan duoc 25776 bytes
  [05/90] sentence      4.9s
[DEBUG-TTS] synth_azure text='有人在睡前翻开它，读十页，然后关灯。' len=18 key_len=84 region='southeastasia'
[DEBUG-TTS] synth_azure goi voice='zh-CN-Yunfan:DragonHDLatestNeural' region='southeastasia' url='https://southeastasia.tts.speech.microsoft.com/cognitiveservices/v1'
[DEBUG-TTS] synth_azure nhan duoc 23328 bytes
  [06/90] sentence      4.5s
[DEBUG-TTS] synth_azure text='这个小小的动作，正在悄悄改变一个人的一生。' len=21 key_len=84 region='southeastasia'
[DEBUG-TTS] synth_azure goi voice='zh-CN-Yunfan:DragonHDLatestNeural' region='southeastasia' url='https://southeastasia.tts.speech.microsoft.com/cognitiveservices/v1'
[DEBUG-TTS] synth_azure nhan duoc 23760 bytes
  [07/90] sentence      4.5s
[DEBUG-TTS] synth_azure text='我们常听人说"多读书"，可很多人一听就摇头。' len=22 key_len=84 region='southeastasia'
[DEBUG-TTS] synth_azure goi voice='zh-CN-Yunfan:DragonHDLatestNeural' region='southeastasia' url='https://southeastasia.tts.speech.microsoft.com/cognitiveservices/v1'
[DEBUG-TTS] synth_azure nhan duoc 27648 bytes
  [08/90] sentence      5.2s
[DEBUG-TTS] synth_azure text='没时间，太累，读了也记不住——这些话，你可能也说过。' len=26 key_len=84 region='southeastasia'
[DEBUG-TTS] synth_azure goi voice='zh-CN-Yunfan:DragonHDLatestNeural' region='southeastasia' url='https://southeastasia.tts.speech.microsoft.com/cognitiveservices/v1'
[DEBUG-TTS] synth_azure nhan duoc 29808 bytes
  [09/90] sentence      5.7s
[DEBUG-TTS] synth_azure text='其实多读书，不是要你一口气读完一本厚书。' len=20 key_len=84 region='southeastasia'
[DEBUG-TTS] synth_azure goi voice='zh-CN-Yunfan:DragonHDLatestNeural' region='southeastasia' url='https://southeastasia.tts.speech.microsoft.com/cognitiveservices/v1'
[DEBUG-TTS] synth_azure nhan duoc 24048 bytes
  [10/90] sentence      4.6s
[DEBUG-TTS] synth_azure text='它只是请你每天留十页的时间给自己。' len=17 key_len=84 region='southeastasia'
[DEBUG-TTS] synth_azure goi voice='zh-CN-Yunfan:DragonHDLatestNeural' region='southeastasia' url='https://southeastasia.tts.speech.microsoft.com/cognitiveservices/v1'
[DEBUG-TTS] synth_azure nhan duoc 25056 bytes
  [11/90] sentence      4.8s
[DEBUG-TTS] synth_azure text='十页很少，少到你不好意思说"做不到"。' len=19 key_len=84 region='southeastasia'
[DEBUG-TTS] synth_azure goi voice='zh-CN-Yunfan:DragonHDLatestNeural' region='southeastasia' url='https://southeastasia.tts.speech.microsoft.com/cognitiveservices/v1'
[DEBUG-TTS] synth_azure nhan duoc 23760 bytes
  [12/90] sentence      4.5s
[DEBUG-TTS] synth_azure text='一天十页，一个月就是一本书，一年就是十几本。' len=22 key_len=84 region='southeastasia'
[DEBUG-TTS] synth_azure goi voice='zh-CN-Yunfan:DragonHDLatestNeural' region='southeastasia' url='https://southeastasia.tts.speech.microsoft.com/cognitiveservices/v1'
[DEBUG-TTS] synth_azure nhan duoc 24768 bytes
  [13/90] sentence      4.7s
[DEBUG-TTS] synth_azure text='手机里的世界很热闹，可热闹过去，什么也没留下。' len=23 key_len=84 region='southeastasia'
[DEBUG-TTS] synth_azure goi voice='zh-CN-Yunfan:DragonHDLatestNeural' region='southeastasia' url='https://southeastasia.tts.speech.microsoft.com/cognitiveservices/v1'
[DEBUG-TTS] synth_azure nhan duoc 24768 bytes
  [14/90] sentence      4.7s
[DEBUG-TTS] synth_azure text='书不一样，你读过的每一页，都会留在你身上。' len=21 key_len=84 region='southeastasia'
[DEBUG-TTS] synth_azure goi voice='zh-CN-Yunfan:DragonHDLatestNeural' region='southeastasia' url='https://southeastasia.tts.speech.microsoft.com/cognitiveservices/v1'
[DEBUG-TTS] synth_azure nhan duoc 21168 bytes
  [15/90] sentence      4.1s
[DEBUG-TTS] synth_azure text='书不挑人，不问你的学历，也不问你住多大的房间。' len=23 key_len=84 region='southeastasia'
[DEBUG-TTS] synth_azure goi voice='zh-CN-Yunfan:DragonHDLatestNeural' region='southeastasia' url='https://southeastasia.tts.speech.microsoft.com/cognitiveservices/v1'
[DEBUG-TTS] synth_azure nhan duoc 29664 bytes
  [16/90] sentence      5.6s
[DEBUG-TTS] synth_azure text='十八九岁也好，二十四岁也好，什么时候翻开第一页都不晚。' len=27 key_len=84 region='southeastasia'
[DEBUG-TTS] synth_azure goi voice='zh-CN-Yunfan:DragonHDLatestNeural' region='southeastasia' url='https://southeastasia.tts.speech.microsoft.com/cognitiveservices/v1'
[DEBUG-TTS] synth_azure nhan duoc 28656 bytes
  [17/90] sentence      5.4s
[DEBUG-TTS] synth_azure text='可正是这十页，能把一个普通的夜晚，变成往上走的台阶。' len=26 key_len=84 region='southeastasia'
[DEBUG-TTS] synth_azure goi voice='zh-CN-Yunfan:DragonHDLatestNeural' region='southeastasia' url='https://southeastasia.tts.speech.microsoft.com/cognitiveservices/v1'
[DEBUG-TTS] synth_azure nhan duoc 34560 bytes
  [18/90] sentence      6.5s
[DEBUG-TTS] synth_azure text='赵磊今年二十四岁，在一家快递公司的仓库上班。' len=22 key_len=84 region='southeastasia'
[DEBUG-TTS] synth_azure goi voice='zh-CN-Yunfan:DragonHDLatestNeural' region='southeastasia' url='https://southeastasia.tts.speech.microsoft.com/cognitiveservices/v1'
[DEBUG-TTS] synth_azure nhan duoc 27648 bytes
  [19/90] sentence      5.2s
[DEBUG-TTS] synth_azure text='他高中毕业就出来打工，每天扫码、分货、搬箱子。' len=23 key_len=84 region='southeastasia'
[DEBUG-TTS] synth_azure goi voice='zh-CN-Yunfan:DragonHDLatestNeural' region='southeastasia' url='https://southeastasia.tts.speech.microsoft.com/cognitiveservices/v1'
[DEBUG-TTS] synth_azure nhan duoc 28368 bytes
  [20/90] sentence      5.4s
[DEBUG-TTS] synth_azure text='晚上回到出租屋，他累得一句话也不想说。' len=19 key_len=84 region='southeastasia'
[DEBUG-TTS] synth_azure goi voice='zh-CN-Yunfan:DragonHDLatestNeural' region='southeastasia' url='https://southeastasia.tts.speech.microsoft.com/cognitiveservices/v1'
[DEBUG-TTS] synth_azure nhan duoc 19440 bytes
  [21/90] sentence      3.8s
[DEBUG-TTS] synth_azure text='人在最累的时候，最容易做的事，就是躺下刷手机。' len=23 key_len=84 region='southeastasia'
[DEBUG-TTS] synth_azure goi voice='zh-CN-Yunfan:DragonHDLatestNeural' region='southeastasia' url='https://southeastasia.tts.speech.microsoft.com/cognitiveservices/v1'
[DEBUG-TTS] synth_azure nhan duoc 32544 bytes
  [22/90] sentence      6.1s
[DEBUG-TTS] synth_azure text='他一刷就是两三个小时，可第二天醒来，心里反而更空。' len=25 key_len=84 region='southeastasia'
[DEBUG-TTS] synth_azure goi voice='zh-CN-Yunfan:DragonHDLatestNeural' region='southeastasia' url='https://southeastasia.tts.speech.microsoft.com/cognitiveservices/v1'
[DEBUG-TTS] synth_azure nhan duoc 27936 bytes
  [23/90] sentence      5.3s
[DEBUG-TTS] synth_azure text='改变，发生在一个很普通的晚上。' len=15 key_len=84 region='southeastasia'
[DEBUG-TTS] synth_azure goi voice='zh-CN-Yunfan:DragonHDLatestNeural' region='southeastasia' url='https://southeastasia.tts.speech.microsoft.com/cognitiveservices/v1'
[DEBUG-TTS] synth_azure nhan duoc 15264 bytes
  [24/90] sentence      3.0s
[DEBUG-TTS] synth_azure text='那天整理仓库时，他捡到一本客户忘在包裹堆里的书，等了几天也没人来找。' len=34 key_len=84 region='southeastasia'
[DEBUG-TTS] synth_azure goi voice='zh-CN-Yunfan:DragonHDLatestNeural' region='southeastasia' url='https://southeastasia.tts.speech.microsoft.com/cognitiveservices/v1'
[DEBUG-TTS] synth_azure nhan duoc 45360 bytes
  [25/90] sentence      8.4s
[DEBUG-TTS] synth_azure text='他把书带回出租屋，那天晚上手机刚好没电，他就随手翻开了它。' len=29 key_len=84 region='southeastasia'
[DEBUG-TTS] synth_azure goi voice='zh-CN-Yunfan:DragonHDLatestNeural' region='southeastasia' url='https://southeastasia.tts.speech.microsoft.com/cognitiveservices/v1'
[DEBUG-TTS] synth_azure nhan duoc 37728 bytes
  [26/90] sentence      7.0s
[DEBUG-TTS] synth_azure text='本来只想看两页，他却一口气读到了第十页。' len=20 key_len=84 region='southeastasia'
[DEBUG-TTS] synth_azure goi voice='zh-CN-Yunfan:DragonHDLatestNeural' region='southeastasia' url='https://southeastasia.tts.speech.microsoft.com/cognitiveservices/v1'
[DEBUG-TTS] synth_azure nhan duoc 27648 bytes
  [27/90] sentence      5.2s
[DEBUG-TTS] synth_azure text='合上书的时候，他心里安静得出奇。' len=16 key_len=84 region='southeastasia'
[DEBUG-TTS] synth_azure goi voice='zh-CN-Yunfan:DragonHDLatestNeural' region='southeastasia' url='https://southeastasia.tts.speech.microsoft.com/cognitiveservices/v1'
[DEBUG-TTS] synth_azure nhan duoc 21600 bytes
  [28/90] sentence      4.2s
[DEBUG-TTS] synth_azure text='他想，就十页，自己每天应该做得到。' len=17 key_len=84 region='southeastasia'
[DEBUG-TTS] synth_azure goi voice='zh-CN-Yunfan:DragonHDLatestNeural' region='southeastasia' url='https://southeastasia.tts.speech.microsoft.com/cognitiveservices/v1'
[DEBUG-TTS] synth_azure nhan duoc 20592 bytes
  [29/90] sentence      4.0s
[DEBUG-TTS] synth_azure text='从那天起，他给自己定了一个最小的规矩：睡前读十页，再困也读。' len=30 key_len=84 region='southeastasia'
[DEBUG-TTS] synth_azure goi voice='zh-CN-Yunfan:DragonHDLatestNeural' region='southeastasia' url='https://southeastasia.tts.speech.microsoft.com/cognitiveservices/v1'
[DEBUG-TTS] synth_azure nhan duoc 43344 bytes
  [30/90] sentence      8.1s
[DEBUG-TTS] synth_azure text='他把手机放到桌子那头，把书放在枕头旁边。' len=20 key_len=84 region='southeastasia'
[DEBUG-TTS] synth_azure goi voice='zh-CN-Yunfan:DragonHDLatestNeural' region='southeastasia' url='https://southeastasia.tts.speech.microsoft.com/cognitiveservices/v1'
[DEBUG-TTS] synth_azure nhan duoc 23616 bytes
  [31/90] sentence      4.5s
[DEBUG-TTS] synth_azure text='仓库的同事们知道了，都拿这件事开玩笑。' len=19 key_len=84 region='southeastasia'
[DEBUG-TTS] synth_azure goi voice='zh-CN-Yunfan:DragonHDLatestNeural' region='southeastasia' url='https://southeastasia.tts.speech.microsoft.com/cognitiveservices/v1'
[DEBUG-TTS] synth_azure nhan duoc 20160 bytes
  [32/90] sentence      3.9s
[DEBUG-TTS] synth_azure text='老陈拍着他的肩膀说："赵磊，搬箱子的读什么书？读完不还是搬箱子？"' len=33 key_len=84 region='southeastasia'
[DEBUG-TTS] synth_azure goi voice='zh-CN-YunjianNeural' region='southeastasia' url='https://southeastasia.tts.speech.microsoft.com/cognitiveservices/v1'
[DEBUG-TTS] synth_azure nhan duoc 48816 bytes
  [33/90] sentence      8.4s
[DEBUG-TTS] synth_azure text='赵磊笑了笑，说："先读着吧，说不定哪天就用上了。"' len=25 key_len=84 region='southeastasia'
[DEBUG-TTS] synth_azure goi voice='zh-CN-YunjianNeural' region='southeastasia' url='https://southeastasia.tts.speech.microsoft.com/cognitiveservices/v1'
[DEBUG-TTS] synth_azure nhan duoc 32832 bytes
  [34/90] sentence      5.8s
[DEBUG-TTS] synth_azure text='说不在意是假的，可那天晚上，他还是把十页读完了。' len=24 key_len=84 region='southeastasia'
[DEBUG-TTS] synth_azure goi voice='zh-CN-Yunfan:DragonHDLatestNeural' region='southeastasia' url='https://southeastasia.tts.speech.microsoft.com/cognitiveservices/v1'
[DEBUG-TTS] synth_azure nhan duoc 30960 bytes
  [35/90] sentence      5.8s
[DEBUG-TTS] synth_azure text='最难的是旺季，仓库天天加班到夜里十一二点。' len=21 key_len=84 region='southeastasia'
[DEBUG-TTS] synth_azure goi voice='zh-CN-Yunfan:DragonHDLatestNeural' region='southeastasia' url='https://southeastasia.tts.speech.microsoft.com/cognitiveservices/v1'
[DEBUG-TTS] synth_azure nhan duoc 28512 bytes
  [36/90] sentence      5.4s
[DEBUG-TTS] synth_azure text='有整整一个星期，他回到房间倒头就睡，一页也没读。' len=24 key_len=84 region='southeastasia'
[DEBUG-TTS] synth_azure goi voice='zh-CN-Yunfan:DragonHDLatestNeural' region='southeastasia' url='https://southeastasia.tts.speech.microsoft.com/cognitiveservices/v1'
[DEBUG-TTS] synth_azure nhan duoc 27360 bytes
  [37/90] sentence      5.2s
[DEBUG-TTS] synth_azure text='他心想，算了吧，自己这样的人，读了也白读。' len=21 key_len=84 region='southeastasia'
[DEBUG-TTS] synth_azure goi voice='zh-CN-Yunfan:DragonHDLatestNeural' region='southeastasia' url='https://southeastasia.tts.speech.microsoft.com/cognitiveservices/v1'
[DEBUG-TTS] synth_azure nhan duoc 21600 bytes
  [38/90] sentence      4.2s
[DEBUG-TTS] synth_azure text='可周日晚上，他看见枕头边那本书，书签还停在原来的地方。' len=27 key_len=84 region='southeastasia'
[DEBUG-TTS] synth_azure goi voice='zh-CN-Yunfan:DragonHDLatestNeural' region='southeastasia' url='https://southeastasia.tts.speech.microsoft.com/cognitiveservices/v1'
[DEBUG-TTS] synth_azure nhan duoc 44496 bytes
  [39/90] sentence      8.3s
[DEBUG-TTS] synth_azure text='书没有怪他，只是安安静静地等他回来。' len=18 key_len=84 region='southeastasia'
[DEBUG-TTS] synth_azure goi voice='zh-CN-Yunfan:DragonHDLatestNeural' region='southeastasia' url='https://southeastasia.tts.speech.microsoft.com/cognitiveservices/v1'
[DEBUG-TTS] synth_azure nhan duoc 21888 bytes
  [40/90] sentence      4.2s
[DEBUG-TTS] synth_azure text='他坐起来，开了灯，把那十页补了回来。' len=18 key_len=84 region='southeastasia'
[DEBUG-TTS] synth_azure goi voice='zh-CN-Yunfan:DragonHDLatestNeural' region='southeastasia' url='https://southeastasia.tts.speech.microsoft.com/cognitiveservices/v1'
[DEBUG-TTS] synth_azure nhan duoc 23040 bytes
  [41/90] sentence      4.4s
[DEBUG-TTS] synth_azure text='从那以后，再忙他也不让自己断掉：加班太晚就读五页，但绝不读零页。' len=32 key_len=84 region='southeastasia'
[DEBUG-TTS] synth_azure goi voice='zh-CN-Yunfan:DragonHDLatestNeural' region='southeastasia' url='https://southeastasia.tts.speech.microsoft.com/cognitiveservices/v1'
[DEBUG-TTS] synth_azure nhan duoc 45792 bytes
  [42/90] sentence      8.5s
[DEBUG-TTS] synth_azure text='一页一页地读，一天一天地积。' len=14 key_len=84 region='southeastasia'
[DEBUG-TTS] synth_azure goi voice='zh-CN-Yunfan:DragonHDLatestNeural' region='southeastasia' url='https://southeastasia.tts.speech.microsoft.com/cognitiveservices/v1'
[DEBUG-TTS] synth_azure nhan duoc 16272 bytes
  [43/90] sentence      3.2s
[DEBUG-TTS] synth_azure text='一年多过去，他读完了二十几本书，后来开始读物流方面的书。' len=28 key_len=84 region='southeastasia'
[DEBUG-TTS] synth_azure goi voice='zh-CN-Yunfan:DragonHDLatestNeural' region='southeastasia' url='https://southeastasia.tts.speech.microsoft.com/cognitiveservices/v1'
[DEBUG-TTS] synth_azure nhan duoc 29952 bytes
  [44/90] sentence      5.7s
[DEBUG-TTS] synth_azure text='他报名去考仓储管理的职业证书（通过考试拿到的证明），白天记不住的内容，就抄在小本子上。' len=43 key_len=84 region='southeastasia'
[DEBUG-TTS] synth_azure goi voice='zh-CN-Yunfan:DragonHDLatestNeural' region='southeastasia' url='https://southeastasia.tts.speech.microsoft.com/cognitiveservices/v1'
[DEBUG-TTS] synth_azure nhan duoc 51840 bytes
  [45/90] sentence      9.6s
[DEBUG-TTS] synth_azure text='成绩出来那天，他盯着屏幕上"合格"两个字，愣了很久。' len=26 key_len=84 region='southeastasia'
[DEBUG-TTS] synth_azure goi voice='zh-CN-Yunfan:DragonHDLatestNeural' region='southeastasia' url='https://southeastasia.tts.speech.microsoft.com/cognitiveservices/v1'
[DEBUG-TTS] synth_azure nhan duoc 32400 bytes
  [46/90] sentence      6.1s
[DEBUG-TTS] synth_azure text='三个月后，公司的调度（安排车辆和货物的工作）岗位缺人，主管第一个想到了他。' len=37 key_len=84 region='southeastasia'
[DEBUG-TTS] synth_azure goi voice='zh-CN-Yunfan:DragonHDLatestNeural' region='southeastasia' url='https://southeastasia.tts.speech.microsoft.com/cognitiveservices/v1'
[DEBUG-TTS] synth_azure nhan duoc 50976 bytes
  [47/90] sentence      9.4s
[DEBUG-TTS] synth_azure text='因为整个仓库里，一直没停下学习的，只有赵磊一个。' len=24 key_len=84 region='southeastasia'
[DEBUG-TTS] synth_azure goi voice='zh-CN-Yunfan:DragonHDLatestNeural' region='southeastasia' url='https://southeastasia.tts.speech.microsoft.com/cognitiveservices/v1'
[DEBUG-TTS] synth_azure nhan duoc 26352 bytes
  [48/90] sentence      5.0s
[DEBUG-TTS] synth_azure text='现在他坐在办公室里排车次、看数据；晚上回家，依然读十页。' len=28 key_len=84 region='southeastasia'
[DEBUG-TTS] synth_azure goi voice='zh-CN-Yunfan:DragonHDLatestNeural' region='southeastasia' url='https://southeastasia.tts.speech.microsoft.com/cognitiveservices/v1'
[DEBUG-TTS] synth_azure nhan duoc 33552 bytes
  [49/90] sentence      6.3s
[DEBUG-TTS] synth_azure text='老陈再见到他，没有再开玩笑，只是小声问："你那本书，能借我看看吗？"' len=34 key_len=84 region='southeastasia'
[DEBUG-TTS] synth_azure goi voice='zh-CN-Yunfan:DragonHDLatestNeural' region='southeastasia' url='https://southeastasia.tts.speech.microsoft.com/cognitiveservices/v1'
[DEBUG-TTS] synth_azure nhan duoc 35136 bytes
  [50/90] sentence      6.6s
[DEBUG-TTS] synth_azure text='如果你问，十页这么少，凭什么能改变一个人？' len=21 key_len=84 region='southeastasia'
[DEBUG-TTS] synth_azure goi voice='zh-CN-Yunfan:DragonHDLatestNeural' region='southeastasia' url='https://southeastasia.tts.speech.microsoft.com/cognitiveservices/v1'
[DEBUG-TTS] synth_azure nhan duoc 22896 bytes
  [51/90] sentence      4.7s
[DEBUG-TTS] synth_azure text='去看看夏天的两种雨，你就明白了。' len=16 key_len=84 region='southeastasia'
[DEBUG-TTS] synth_azure goi voice='zh-CN-Yunfan:DragonHDLatestNeural' region='southeastasia' url='https://southeastasia.tts.speech.microsoft.com/cognitiveservices/v1'
[DEBUG-TTS] synth_azure nhan duoc 18576 bytes
  [52/90] sentence      3.6s
[DEBUG-TTS] synth_azure text='暴雨来得又急又猛，噼里啪啦地砸在地上。' len=19 key_len=84 region='southeastasia'
[DEBUG-TTS] synth_azure goi voice='zh-CN-Yunfan:DragonHDLatestNeural' region='southeastasia' url='https://southeastasia.tts.speech.microsoft.com/cognitiveservices/v1'
[DEBUG-TTS] synth_azure nhan duoc 20592 bytes
  [53/90] sentence      4.0s
[DEBUG-TTS] synth_azure text='可地面太硬，水来不及进去，就顺着街道流走了。' len=22 key_len=84 region='southeastasia'
[DEBUG-TTS] synth_azure goi voice='zh-CN-Yunfan:DragonHDLatestNeural' region='southeastasia' url='https://southeastasia.tts.speech.microsoft.com/cognitiveservices/v1'
[DEBUG-TTS] synth_azure nhan duoc 27504 bytes
  [54/90] sentence      5.2s
[DEBUG-TTS] synth_azure text='雨停了，土的深处还是干的。' len=13 key_len=84 region='southeastasia'
[DEBUG-TTS] synth_azure goi voice='zh-CN-Yunfan:DragonHDLatestNeural' region='southeastasia' url='https://southeastasia.tts.speech.microsoft.com/cognitiveservices/v1'
[DEBUG-TTS] synth_azure nhan duoc 21456 bytes
  [55/90] sentence      4.1s
[DEBUG-TTS] synth_azure text='那么大的雨，土地却没有喝到多少。' len=16 key_len=84 region='southeastasia'
[DEBUG-TTS] synth_azure goi voice='zh-CN-Yunfan:DragonHDLatestNeural' region='southeastasia' url='https://southeastasia.tts.speech.microsoft.com/cognitiveservices/v1'
[DEBUG-TTS] synth_azure nhan duoc 21888 bytes
  [56/90] sentence      4.2s
[DEBUG-TTS] synth_azure text='小雨不一样。' len=6 key_len=84 region='southeastasia'
[DEBUG-TTS] synth_azure goi voice='zh-CN-Yunfan:DragonHDLatestNeural' region='southeastasia' url='https://southeastasia.tts.speech.microsoft.com/cognitiveservices/v1'
[DEBUG-TTS] synth_azure nhan duoc 6768 bytes
  [57/90] sentence      1.5s
[DEBUG-TTS] synth_azure text='它细细的，慢慢的，好像没有什么力气。' len=18 key_len=84 region='southeastasia'
[DEBUG-TTS] synth_azure goi voice='zh-CN-Yunfan:DragonHDLatestNeural' region='southeastasia' url='https://southeastasia.tts.speech.microsoft.com/cognitiveservices/v1'
[DEBUG-TTS] synth_azure nhan duoc 16416 bytes
  [58/90] sentence      3.2s
[DEBUG-TTS] synth_azure text='可它下了一天又一天，一点一点地渗（慢慢地进到里面去）进土里。' len=30 key_len=84 region='southeastasia'
[DEBUG-TTS] synth_azure goi voice='zh-CN-Yunfan:DragonHDLatestNeural' region='southeastasia' url='https://southeastasia.tts.speech.microsoft.com/cognitiveservices/v1'
[DEBUG-TTS] synth_azure nhan duoc 34128 bytes
  [59/90] sentence      6.4s
[DEBUG-TTS] synth_azure text='土松了，软了，深处湿润了。' len=13 key_len=84 region='southeastasia'
[DEBUG-TTS] synth_azure goi voice='zh-CN-Yunfan:DragonHDLatestNeural' region='southeastasia' url='https://southeastasia.tts.speech.microsoft.com/cognitiveservices/v1'
[DEBUG-TTS] synth_azure nhan duoc 19728 bytes
  [60/90] sentence      3.8s
[DEBUG-TTS] synth_azure text='根扎得下去了，树才站得起来。' len=14 key_len=84 region='southeastasia'
[DEBUG-TTS] synth_azure goi voice='zh-CN-Yunfan:DragonHDLatestNeural' region='southeastasia' url='https://southeastasia.tts.speech.microsoft.com/cognitiveservices/v1'
[DEBUG-TTS] synth_azure nhan duoc 16272 bytes
  [61/90] sentence      3.2s
[DEBUG-TTS] synth_azure text='种田的人最喜欢这样的雨，因为它下得慢，土地喝得进去。' len=26 key_len=84 region='southeastasia'
[DEBUG-TTS] synth_azure goi voice='zh-CN-Yunfan:DragonHDLatestNeural' region='southeastasia' url='https://southeastasia.tts.speech.microsoft.com/cognitiveservices/v1'
[DEBUG-TTS] synth_azure nhan duoc 30096 bytes
  [62/90] sentence      5.4s
[DEBUG-TTS] synth_azure text='被小雨养软的土地，才养得活田里的苗。' len=18 key_len=84 region='southeastasia'
[DEBUG-TTS] synth_azure goi voice='zh-CN-Yunfan:DragonHDLatestNeural' region='southeastasia' url='https://southeastasia.tts.speech.microsoft.com/cognitiveservices/v1'
[DEBUG-TTS] synth_azure nhan duoc 26352 bytes
  [63/90] sentence      5.0s
[DEBUG-TTS] synth_azure text='一口气拼三天的努力，就像那场暴雨，来得快，流走得也快。' len=27 key_len=84 region='southeastasia'
[DEBUG-TTS] synth_azure goi voice='zh-CN-Yunfan:DragonHDLatestNeural' region='southeastasia' url='https://southeastasia.tts.speech.microsoft.com/cognitiveservices/v1'
[DEBUG-TTS] synth_azure nhan duoc 36000 bytes
  [64/90] sentence      6.7s
[DEBUG-TTS] synth_azure text='每晚的十页，就像那场小雨，看不出动静，却一直往心里渗。' len=27 key_len=84 region='southeastasia'
[DEBUG-TTS] synth_azure goi voice='zh-CN-Yunfan:DragonHDLatestNeural' region='southeastasia' url='https://southeastasia.tts.speech.microsoft.com/cognitiveservices/v1'
[DEBUG-TTS] synth_azure nhan duoc 34416 bytes
  [65/90] sentence      6.5s
[DEBUG-TTS] synth_azure text='雨小，不代表雨没有力量；它只是把力量放进了时间里。' len=25 key_len=84 region='southeastasia'
[DEBUG-TTS] synth_azure goi voice='zh-CN-Yunfan:DragonHDLatestNeural' region='southeastasia' url='https://southeastasia.tts.speech.microsoft.com/cognitiveservices/v1'
[DEBUG-TTS] synth_azure nhan duoc 27792 bytes
  [66/90] sentence      5.3s
[DEBUG-TTS] synth_azure text='一页一页，是雨落下来。' len=11 key_len=84 region='southeastasia'
[DEBUG-TTS] synth_azure goi voice='zh-CN-Yunfan:DragonHDLatestNeural' region='southeastasia' url='https://southeastasia.tts.speech.microsoft.com/cognitiveservices/v1'
[DEBUG-TTS] synth_azure nhan duoc 15264 bytes
  [67/90] sentence      3.0s
[DEBUG-TTS] synth_azure text='一天一天，是水渗下去。' len=11 key_len=84 region='southeastasia'
[DEBUG-TTS] synth_azure goi voice='zh-CN-Yunfan:DragonHDLatestNeural' region='southeastasia' url='https://southeastasia.tts.speech.microsoft.com/cognitiveservices/v1'
[DEBUG-TTS] synth_azure nhan duoc 13536 bytes
  [68/90] sentence      2.7s
[DEBUG-TTS] synth_azure text='一页一页，一天一天，你心里的土慢慢变软，长出别人看不见的根。' len=30 key_len=84 region='southeastasia'
[DEBUG-TTS] synth_azure goi voice='zh-CN-Yunfan:DragonHDLatestNeural' region='southeastasia' url='https://southeastasia.tts.speech.microsoft.com/cognitiveservices/v1'
[DEBUG-TTS] synth_azure nhan duoc 36864 bytes
  [69/90] sentence      6.9s
[DEBUG-TTS] synth_azure text='如果你也想开始，不用发誓，也不用一次买十本书。' len=23 key_len=84 region='southeastasia'
[DEBUG-TTS] synth_azure goi voice='zh-CN-Yunfan:DragonHDLatestNeural' region='southeastasia' url='https://southeastasia.tts.speech.microsoft.com/cognitiveservices/v1'
[DEBUG-TTS] synth_azure nhan duoc 25344 bytes
  [70/90] sentence      4.8s
[DEBUG-TTS] synth_azure text='你只需要做三件小事。' len=10 key_len=84 region='southeastasia'
[DEBUG-TTS] synth_azure goi voice='zh-CN-Yunfan:DragonHDLatestNeural' region='southeastasia' url='https://southeastasia.tts.speech.microsoft.com/cognitiveservices/v1'
[DEBUG-TTS] synth_azure nhan duoc 11808 bytes
  [71/90] sentence      2.4s
[DEBUG-TTS] synth_azure text='第一，把数字定小：每晚十页，太累的晚上五页，但不要是零页。' len=29 key_len=84 region='southeastasia'
[DEBUG-TTS] synth_azure goi voice='zh-CN-Yunfan:DragonHDLatestNeural' region='southeastasia' url='https://southeastasia.tts.speech.microsoft.com/cognitiveservices/v1'
[DEBUG-TTS] synth_azure nhan duoc 43776 bytes
  [72/90] sentence      8.1s
[DEBUG-TTS] synth_azure text='第二，把书放在床头，把手机放在够不着的地方，让你的手先碰到书。' len=31 key_len=84 region='southeastasia'
[DEBUG-TTS] synth_azure goi voice='zh-CN-Yunfan:DragonHDLatestNeural' region='southeastasia' url='https://southeastasia.tts.speech.microsoft.com/cognitiveservices/v1'
[DEBUG-TTS] synth_azure nhan duoc 37440 bytes
  [73/90] sentence      7.0s
[DEBUG-TTS] synth_azure text='第三，别怕读得慢，也别怕忘。' len=14 key_len=84 region='southeastasia'
[DEBUG-TTS] synth_azure goi voice='zh-CN-Yunfan:DragonHDLatestNeural' region='southeastasia' url='https://southeastasia.tts.speech.microsoft.com/cognitiveservices/v1'
[DEBUG-TTS] synth_azure nhan duoc 23184 bytes
  [74/90] sentence      4.8s
[DEBUG-TTS] synth_azure text='你以为忘了的那些句子，其实会变成你说话的样子、做事的样子。' len=29 key_len=84 region='southeastasia'
[DEBUG-TTS] synth_azure goi voice='zh-CN-Yunfan:DragonHDLatestNeural' region='southeastasia' url='https://southeastasia.tts.speech.microsoft.com/cognitiveservices/v1'
[DEBUG-TTS] synth_azure nhan duoc 36432 bytes
  [75/90] sentence      6.8s
[DEBUG-TTS] synth_azure text='你不需要跟别人比速度，只需要跟昨天的自己接上。' len=23 key_len=84 region='southeastasia'
[DEBUG-TTS] synth_azure goi voice='zh-CN-Yunfan:DragonHDLatestNeural' region='southeastasia' url='https://southeastasia.tts.speech.microsoft.com/cognitiveservices/v1'
[DEBUG-TTS] synth_azure nhan duoc 26496 bytes
  [76/90] sentence      5.0s
[DEBUG-TTS] synth_azure text='断了一天也没关系，第二天翻开，从停下的地方继续。' len=24 key_len=84 region='southeastasia'
[DEBUG-TTS] synth_azure goi voice='zh-CN-Yunfan:DragonHDLatestNeural' region='southeastasia' url='https://southeastasia.tts.speech.microsoft.com/cognitiveservices/v1'
[DEBUG-TTS] synth_azure nhan duoc 30528 bytes
  [77/90] sentence      6.2s
[DEBUG-TTS] synth_azure text='真正让人掉队的，从来不是慢，而是停。' len=18 key_len=84 region='southeastasia'
[DEBUG-TTS] synth_azure goi voice='zh-CN-Yunfan:DragonHDLatestNeural' region='southeastasia' url='https://southeastasia.tts.speech.microsoft.com/cognitiveservices/v1'
[DEBUG-TTS] synth_azure nhan duoc 19584 bytes
  [78/90] sentence      3.8s
[DEBUG-TTS] synth_azure text='十页读完，如果还想读，当然可以继续。' len=18 key_len=84 region='southeastasia'
[DEBUG-TTS] synth_azure goi voice='zh-CN-Yunfan:DragonHDLatestNeural' region='southeastasia' url='https://southeastasia.tts.speech.microsoft.com/cognitiveservices/v1'
[DEBUG-TTS] synth_azure nhan duoc 22464 bytes
  [79/90] sentence      4.3s
[DEBUG-TTS] synth_azure text='但如果不想，也请放心去睡，因为你已经赢了今天。' len=23 key_len=84 region='southeastasia'
[DEBUG-TTS] synth_azure goi voice='zh-CN-Yunfan:DragonHDLatestNeural' region='southeastasia' url='https://southeastasia.tts.speech.microsoft.com/cognitiveservices/v1'
[DEBUG-TTS] synth_azure nhan duoc 35568 bytes
  [80/90] sentence      7.2s
[DEBUG-TTS] synth_azure text='读书从来不奖励最聪明的人，只奖励一直在读的人。' len=23 key_len=84 region='southeastasia'
[DEBUG-TTS] synth_azure goi voice='zh-CN-Yunfan:DragonHDLatestNeural' region='southeastasia' url='https://southeastasia.tts.speech.microsoft.com/cognitiveservices/v1'
[DEBUG-TTS] synth_azure nhan duoc 28944 bytes
  [81/90] sentence      5.5s
[DEBUG-TTS] synth_azure text='亲爱的你，请记住这句话：一页很薄，一年很厚。' len=22 key_len=84 region='southeastasia'
[DEBUG-TTS] synth_azure goi voice='zh-CN-Yunfan:DragonHDLatestNeural' region='southeastasia' url='https://southeastasia.tts.speech.microsoft.com/cognitiveservices/v1'
[DEBUG-TTS] synth_azure nhan duoc 26208 bytes
  [82/90] sentence      5.0s
[DEBUG-TTS] synth_azure text='今晚回到房间，你也许很累，像那年的赵磊一样。' len=22 key_len=84 region='southeastasia'
[DEBUG-TTS] synth_azure goi voice='zh-CN-Yunfan:DragonHDLatestNeural' region='southeastasia' url='https://southeastasia.tts.speech.microsoft.com/cognitiveservices/v1'
[DEBUG-TTS] synth_azure nhan duoc 21888 bytes
  [83/90] sentence      4.2s
[DEBUG-TTS] synth_azure text='没关系，先读十页，读完就睡。' len=14 key_len=84 region='southeastasia'
[DEBUG-TTS] synth_azure goi voice='zh-CN-Yunfan:DragonHDLatestNeural' region='southeastasia' url='https://southeastasia.tts.speech.microsoft.com/cognitiveservices/v1'
[DEBUG-TTS] synth_azure nhan duoc 15408 bytes
  [84/90] sentence      3.3s
[DEBUG-TTS] synth_azure text='一页一页地读，一天一天地长。' len=14 key_len=84 region='southeastasia'
[DEBUG-TTS] synth_azure goi voice='zh-CN-Yunfan:DragonHDLatestNeural' region='southeastasia' url='https://southeastasia.tts.speech.microsoft.com/cognitiveservices/v1'
[DEBUG-TTS] synth_azure nhan duoc 16272 bytes
  [85/90] sentence      3.2s
[DEBUG-TTS] synth_azure text='一页一页，攒的是句子；一天一天，攒的是底气（心里的自信和力量）。' len=32 key_len=84 region='southeastasia'
[DEBUG-TTS] synth_azure goi voice='zh-CN-Yunfan:DragonHDLatestNeural' region='southeastasia' url='https://southeastasia.tts.speech.microsoft.com/cognitiveservices/v1'
[DEBUG-TTS] synth_azure nhan duoc 38304 bytes
  [86/90] sentence      7.2s
[DEBUG-TTS] synth_azure text='某个普通的早晨，你会突然发现，自己已经站在从前到不了的地方。' len=30 key_len=84 region='southeastasia'
[DEBUG-TTS] synth_azure goi voice='zh-CN-Yunfan:DragonHDLatestNeural' region='southeastasia' url='https://southeastasia.tts.speech.microsoft.com/cognitiveservices/v1'
[DEBUG-TTS] synth_azure nhan duoc 43200 bytes
  [87/90] sentence      8.0s
[DEBUG-TTS] synth_azure text='愿你在最累的日子里，也有十页安静的时间。' len=20 key_len=84 region='southeastasia'
[DEBUG-TTS] synth_azure goi voice='zh-CN-Yunfan:DragonHDLatestNeural' region='southeastasia' url='https://southeastasia.tts.speech.microsoft.com/cognitiveservices/v1'
[DEBUG-TTS] synth_azure nhan duoc 26496 bytes
  [88/90] sentence      5.0s
[DEBUG-TTS] synth_azure text='愿你的床头永远有一盏灯，灯下永远有一本翻开的书。' len=24 key_len=84 region='southeastasia'
[DEBUG-TTS] synth_azure goi voice='zh-CN-Yunfan:DragonHDLatestNeural' region='southeastasia' url='https://southeastasia.tts.speech.microsoft.com/cognitiveservices/v1'
[DEBUG-TTS] synth_azure nhan duoc 33120 bytes
  [89/90] sentence      6.2s
[DEBUG-TTS] synth_azure text='一页很薄，一年很厚——晚安，加油。' len=17 key_len=84 region='southeastasia'
[DEBUG-TTS] synth_azure goi voice='zh-CN-Yunfan:DragonHDLatestNeural' region='southeastasia' url='https://southeastasia.tts.speech.microsoft.com/cognitiveservices/v1'
[DEBUG-TTS] synth_azure nhan duoc 22176 bytes
  [90/90] sentence      4.7s
   + Intro 10.0s -> da dich timestamp

✅ XONG: /Users/nhatnv/project/tool-multi-lang/output/Ten_Pages_Before_Sleep_1785050854004.mp4
   Thoi luong: 481.0s
   Thumbnail: Ten_Pages_Before_Sleep_1785050854004.thumb.jpg
[DEBUG-TTS] raw voice='azure:zh-CN-Yunfan:DragonHDLatestNeural' engine='azure' vname='zh-CN-Yunfan:DragonHDLatestNeural' eleven_voice='' eleven_model='eleven_multilingual_v2'
>> Bai 1: Nghe sớm khi học ngoại ngữ — 6 doan
   Co chu cau (dong nhat): 118px
  [BG] 1 nguồn nền (1 ảnh + 0 video) — chia đều theo thời lượng
[DEBUG-TTS] synth_azure text='学习外语时，请尽早去听。' len=12 key_len=84 region='southeastasia'
[DEBUG-TTS] synth_azure goi voice='zh-CN-Yunfan:DragonHDLatestNeural' region='southeastasia' url='https://southeastasia.tts.speech.microsoft.com/cognitiveservices/v1'
[DEBUG-TTS] synth_azure nhan duoc 13824 bytes
  [01/6] sentence      2.8s
[DEBUG-TTS] synth_azure text='也许你说不出错在哪里。' len=11 key_len=84 region='southeastasia'
[DEBUG-TTS] synth_azure goi voice='zh-CN-Yunfan:DragonHDLatestNeural' region='southeastasia' url='https://southeastasia.tts.speech.microsoft.com/cognitiveservices/v1'
[DEBUG-TTS] synth_azure nhan duoc 15696 bytes
  [02/6] sentence      3.1s
[DEBUG-TTS] synth_azure text='但是你能感觉到不自然。' len=11 key_len=84 region='southeastasia'
[DEBUG-TTS] synth_azure goi voice='zh-CN-Yunfan:DragonHDLatestNeural' region='southeastasia' url='https://southeastasia.tts.speech.microsoft.com/cognitiveservices/v1'
[DEBUG-TTS] synth_azure nhan duoc 13248 bytes
  [03/6] sentence      2.7s
[DEBUG-TTS] synth_azure text='这种语感非常重要。' len=9 key_len=84 region='southeastasia'
[DEBUG-TTS] synth_azure goi voice='zh-CN-Yunfan:DragonHDLatestNeural' region='southeastasia' url='https://southeastasia.tts.speech.microsoft.com/cognitiveservices/v1'
[DEBUG-TTS] synth_azure nhan duoc 10656 bytes
  [04/6] sentence      2.2s
[DEBUG-TTS] synth_azure text='比任何语法都重要。' len=9 key_len=84 region='southeastasia'
[DEBUG-TTS] synth_azure goi voice='zh-CN-Yunfan:DragonHDLatestNeural' region='southeastasia' url='https://southeastasia.tts.speech.microsoft.com/cognitiveservices/v1'
[DEBUG-TTS] synth_azure nhan duoc 9072 bytes
  [05/6] sentence      1.9s
[DEBUG-TTS] synth_azure text='所以请每天听一点。' len=9 key_len=84 region='southeastasia'
[DEBUG-TTS] synth_azure goi voice='zh-CN-Yunfan:DragonHDLatestNeural' region='southeastasia' url='https://southeastasia.tts.speech.microsoft.com/cognitiveservices/v1'
[DEBUG-TTS] synth_azure nhan duoc 9216 bytes
  [06/6] sentence      1.9s
   + Intro 10.0s -> da dich timestamp

✅ XONG: /Users/nhatnv/project/tool-multi-lang/output/Nghe_sớm_khi_học_ngoại_ngữ_1785051330674.mp4
   Thoi luong: 24.7s
   Thumbnail: Nghe_sớm_khi_học_ngoại_ngữ_1785051330674.thumb.jpg
[DEBUG-TTS] raw voice='azure:zh-CN-Yunfan:DragonHDLatestNeural' engine='azure' vname='zh-CN-Yunfan:DragonHDLatestNeural' eleven_voice='' eleven_model='eleven_multilingual_v2'
>> Bai 1: Nghe sớm khi học ngoại ngữ — 6 doan
   Co chu cau (dong nhat): 118px
  [BG] 1 nguồn nền (1 ảnh + 0 video) — chia đều theo thời lượng
  [01/6] sentence      2.8s
  [02/6] sentence      3.1s
  [03/6] sentence      2.7s
  [04/6] sentence      2.2s
  [05/6] sentence      1.9s
  [06/6] sentence      1.9s
   + Intro 10.0s -> da dich timestamp

✅ XONG: /Users/nhatnv/project/tool-multi-lang/output/Nghe_sớm_khi_học_ngoại_ngữ_1785051386313.mp4
   Thoi luong: 24.7s
   Thumbnail: Nghe_sớm_khi_học_ngoại_ngữ_1785051386313.thumb.jpg
[DEBUG-TTS] raw voice='azure:zh-CN-Yunfan:DragonHDLatestNeural' engine='azure' vname='zh-CN-Yunfan:DragonHDLatestNeural' eleven_voice='' eleven_model='eleven_multilingual_v2'
>> Bai 1: Nghe sớm khi học ngoại ngữ — 6 doan
   Co chu cau (dong nhat): 118px
  [BG] 1 nguồn nền (1 ảnh + 0 video) — chia đều theo thời lượng
  [01/6] sentence      2.8s
  [02/6] sentence      3.1s
  [03/6] sentence      2.7s
  [04/6] sentence      2.2s
  [05/6] sentence      1.9s
  [06/6] sentence      1.9s
   + Intro 10.0s -> da dich timestamp

✅ XONG: /Users/nhatnv/project/tool-multi-lang/output/Nghe_sớm_khi_học_ngoại_ngữ_1785051417895.mp4
   Thoi luong: 24.7s
   Thumbnail: Nghe_sớm_khi_học_ngoại_ngữ_1785051417895.thumb.jpg
[DEBUG-TTS] raw voice='azure:zh-CN-Mei:MAI-Voice-2' engine='azure' vname='zh-CN-Mei:MAI-Voice-2' eleven_voice='' eleven_model='eleven_multilingual_v2'
>> Bai 1: The First Step Is the Hardest — 96 doan
   Co chu cau (dong nhat): 100px
  [BG] 1 nguồn nền (1 ảnh + 0 video) — chia đều theo thời lượng
[DEBUG-TTS] synth_azure text='你有没有在清晨站在泳池边，脚趾刚碰到水的那一刻？' len=24 key_len=84 region='southeastasia'
[DEBUG-TTS] synth_azure goi voice='zh-CN-Mei:MAI-Voice-2' region='southeastasia' url='https://southeastasia.tts.speech.microsoft.com/cognitiveservices/v1'
[DEBUG-TTS] synth_azure nhan duoc 32112 bytes
  [01/96] sentence      6.0s
[DEBUG-TTS] synth_azure text='水很凉，你缩回脚，告诉自己再等一分钟。' len=19 key_len=84 region='southeastasia'
[DEBUG-TTS] synth_azure goi voice='zh-CN-Mei:MAI-Voice-2' region='southeastasia' url='https://southeastasia.tts.speech.microsoft.com/cognitiveservices/v1'
[DEBUG-TTS] synth_azure nhan duoc 25776 bytes
  [02/96] sentence      4.6s
[DEBUG-TTS] synth_azure text='可是等来等去你会发现，最难的从来不是游泳本身。' len=23 key_len=84 region='southeastasia'
[DEBUG-TTS] synth_azure goi voice='zh-CN-Mei:MAI-Voice-2' region='southeastasia' url='https://southeastasia.tts.speech.microsoft.com/cognitiveservices/v1'
[DEBUG-TTS] synth_azure nhan duoc 27216 bytes
  [03/96] sentence      4.8s
[DEBUG-TTS] synth_azure text='最难的，是跳下去之前的那一秒。' len=15 key_len=84 region='southeastasia'
[DEBUG-TTS] synth_azure goi voice='zh-CN-Mei:MAI-Voice-2' region='southeastasia' url='https://southeastasia.tts.speech.microsoft.com/cognitiveservices/v1'
[DEBUG-TTS] synth_azure nhan duoc 19296 bytes
  [04/96] sentence      3.5s
[DEBUG-TTS] synth_azure text='而你一旦跳进去，往往会发现，水没有站在岸上时那么冷。' len=26 key_len=84 region='southeastasia'
[DEBUG-TTS] synth_azure goi voice='zh-CN-Mei:MAI-Voice-2' region='southeastasia' url='https://southeastasia.tts.speech.microsoft.com/cognitiveservices/v1'
[DEBUG-TTS] synth_azure nhan duoc 37152 bytes
  [05/96] sentence      6.5s
[DEBUG-TTS] synth_azure text='我们的人生里，到处都是这样的"一秒"。' len=19 key_len=84 region='southeastasia'
[DEBUG-TTS] synth_azure goi voice='zh-CN-Mei:MAI-Voice-2' region='southeastasia' url='https://southeastasia.tts.speech.microsoft.com/cognitiveservices/v1'
[DEBUG-TTS] synth_azure nhan duoc 20304 bytes
  [06/96] sentence      3.7s
[DEBUG-TTS] synth_azure text='想说的话，想报的名，想开始的事，都停在嘴边、停在手边。' len=27 key_len=84 region='southeastasia'
[DEBUG-TTS] synth_azure goi voice='zh-CN-Mei:MAI-Voice-2' region='southeastasia' url='https://southeastasia.tts.speech.microsoft.com/cognitiveservices/v1'
[DEBUG-TTS] synth_azure nhan duoc 40752 bytes
  [07/96] sentence      7.1s
[DEBUG-TTS] synth_azure text='不是我们不想要，而是我们不敢开始。' len=17 key_len=84 region='southeastasia'
[DEBUG-TTS] synth_azure goi voice='zh-CN-Mei:MAI-Voice-2' region='southeastasia' url='https://southeastasia.tts.speech.microsoft.com/cognitiveservices/v1'
[DEBUG-TTS] synth_azure nhan duoc 19584 bytes
  [08/96] sentence      3.6s
[DEBUG-TTS] synth_azure text='我们把"第一步"想象成一堵墙，其实它只是一道门。' len=24 key_len=84 region='southeastasia'
[DEBUG-TTS] synth_azure goi voice='zh-CN-Mei:MAI-Voice-2' region='southeastasia' url='https://southeastasia.tts.speech.microsoft.com/cognitiveservices/v1'
[DEBUG-TTS] synth_azure nhan duoc 37296 bytes
  [09/96] sentence      6.5s
[DEBUG-TTS] synth_azure text='门后面的路也许很长，可是门本身，只有一步宽。' len=22 key_len=84 region='southeastasia'
[DEBUG-TTS] synth_azure goi voice='zh-CN-Mei:MAI-Voice-2' region='southeastasia' url='https://southeastasia.tts.speech.microsoft.com/cognitiveservices/v1'
[DEBUG-TTS] synth_azure nhan duoc 33984 bytes
  [10/96] sentence      6.0s
[DEBUG-TTS] synth_azure text='今天，我想给你讲一个关于"开始"的故事。' len=20 key_len=84 region='southeastasia'
[DEBUG-TTS] synth_azure goi voice='zh-CN-Mei:MAI-Voice-2' region='southeastasia' url='https://southeastasia.tts.speech.microsoft.com/cognitiveservices/v1'
[DEBUG-TTS] synth_azure nhan duoc 24624 bytes
  [11/96] sentence      4.4s
[DEBUG-TTS] synth_azure text='许安琪今年二十一岁，是一名大三的学生。' len=19 key_len=84 region='southeastasia'
[DEBUG-TTS] synth_azure goi voice='zh-CN-Mei:MAI-Voice-2' region='southeastasia' url='https://southeastasia.tts.speech.microsoft.com/cognitiveservices/v1'
[DEBUG-TTS] synth_azure nhan duoc 24624 bytes
  [12/96] sentence      4.4s
[DEBUG-TTS] synth_azure text='认识她的人都说，她安静、认真，笔记写得最漂亮。' len=23 key_len=84 region='southeastasia'
[DEBUG-TTS] synth_azure goi voice='zh-CN-Mei:MAI-Voice-2' region='southeastasia' url='https://southeastasia.tts.speech.microsoft.com/cognitiveservices/v1'
[DEBUG-TTS] synth_azure nhan duoc 29376 bytes
  [13/96] sentence      5.2s
[DEBUG-TTS] synth_azure text='可是很少有人知道，她心里藏着一个很多年的秘密。' len=23 key_len=84 region='southeastasia'
[DEBUG-TTS] synth_azure goi voice='zh-CN-Mei:MAI-Voice-2' region='southeastasia' url='https://southeastasia.tts.speech.microsoft.com/cognitiveservices/v1'
[DEBUG-TTS] synth_azure nhan duoc 27504 bytes
  [14/96] sentence      4.9s
[DEBUG-TTS] synth_azure text='她不敢当众说话（在很多人面前讲话）。' len=18 key_len=84 region='southeastasia'
[DEBUG-TTS] synth_azure goi voice='zh-CN-Mei:MAI-Voice-2' region='southeastasia' url='https://southeastasia.tts.speech.microsoft.com/cognitiveservices/v1'
[DEBUG-TTS] synth_azure nhan duoc 20880 bytes
  [15/96] sentence      3.8s
[DEBUG-TTS] synth_azure text='初二那年，老师让她站起来读课文。' len=16 key_len=84 region='southeastasia'
[DEBUG-TTS] synth_azure goi voice='zh-CN-Mei:MAI-Voice-2' region='southeastasia' url='https://southeastasia.tts.speech.microsoft.com/cognitiveservices/v1'
[DEBUG-TTS] synth_azure nhan duoc 23184 bytes
  [16/96] sentence      4.2s
[DEBUG-TTS] synth_azure text='她太紧张，把一个字读错了，全班哄堂大笑（所有人一起大笑）。' len=29 key_len=84 region='southeastasia'
[DEBUG-TTS] synth_azure goi voice='zh-CN-Mei:MAI-Voice-2' region='southeastasia' url='https://southeastasia.tts.speech.microsoft.com/cognitiveservices/v1'
[DEBUG-TTS] synth_azure nhan duoc 34128 bytes
  [17/96] sentence      6.0s
[DEBUG-TTS] synth_azure text='从那天起，只要有很多双眼睛看着她，她的喉咙就像被一只手抓住。' len=30 key_len=84 region='southeastasia'
[DEBUG-TTS] synth_azure goi voice='zh-CN-Mei:MAI-Voice-2' region='southeastasia' url='https://southeastasia.tts.speech.microsoft.com/cognitiveservices/v1'
[DEBUG-TTS] synth_azure nhan duoc 46368 bytes
  [18/96] sentence      8.0s
[DEBUG-TTS] synth_azure text='七年过去了，笑声早就散了，可她还站在那间教室里。' len=24 key_len=84 region='southeastasia'
[DEBUG-TTS] synth_azure goi voice='zh-CN-Mei:MAI-Voice-2' region='southeastasia' url='https://southeastasia.tts.speech.microsoft.com/cognitiveservices/v1'
[DEBUG-TTS] synth_azure nhan duoc 29808 bytes
  [19/96] sentence      5.3s
[DEBUG-TTS] synth_azure text='大三上学期，一门很重要的专业课要求每个人上台做一次报告。' len=28 key_len=84 region='southeastasia'
[DEBUG-TTS] synth_azure goi voice='zh-CN-Mei:MAI-Voice-2' region='southeastasia' url='https://southeastasia.tts.speech.microsoft.com/cognitiveservices/v1'
[DEBUG-TTS] synth_azure nhan duoc 35280 bytes
  [20/96] sentence      6.2s
[DEBUG-TTS] synth_azure text='成绩占百分之四十，不能换，也不能躲。' len=18 key_len=84 region='southeastasia'
[DEBUG-TTS] synth_azure goi voice='zh-CN-Mei:MAI-Voice-2' region='southeastasia' url='https://southeastasia.tts.speech.microsoft.com/cognitiveservices/v1'
[DEBUG-TTS] synth_azure nhan duoc 28368 bytes
  [21/96] sentence      5.0s
[DEBUG-TTS] synth_azure text='安琪看到通知的那个晚上，连饭都没有吃完。' len=20 key_len=84 region='southeastasia'
[DEBUG-TTS] synth_azure goi voice='zh-CN-Mei:MAI-Voice-2' region='southeastasia' url='https://southeastasia.tts.speech.microsoft.com/cognitiveservices/v1'
[DEBUG-TTS] synth_azure nhan duoc 22176 bytes
  [22/96] sentence      4.0s
[DEBUG-TTS] synth_azure text='她找到同组的好朋友林晓，小声说："你替我上台吧，资料和幻灯片我一个人做完。"' len=38 key_len=84 region='southeastasia'
[DEBUG-TTS] synth_azure goi voice='zh-CN-Mei:MAI-Voice-2' region='southeastasia' url='https://southeastasia.tts.speech.microsoft.com/cognitiveservices/v1'
[DEBUG-TTS] synth_azure nhan duoc 49968 bytes
  [23/96] sentence      8.6s
[DEBUG-TTS] synth_azure text='林晓看了她很久，摇了摇头。' len=13 key_len=84 region='southeastasia'
[DEBUG-TTS] synth_azure goi voice='zh-CN-Mei:MAI-Voice-2' region='southeastasia' url='https://southeastasia.tts.speech.microsoft.com/cognitiveservices/v1'
[DEBUG-TTS] synth_azure nhan duoc 17136 bytes
  [24/96] sentence      3.2s
[DEBUG-TTS] synth_azure text='她说："我可以每天陪你练，但我不能替你开口。第一句话，只能你自己说。"' len=35 key_len=84 region='southeastasia'
[DEBUG-TTS] synth_azure goi voice='zh-CN-Mei:MAI-Voice-2' region='southeastasia' url='https://southeastasia.tts.speech.microsoft.com/cognitiveservices/v1'
[DEBUG-TTS] synth_azure nhan duoc 48096 bytes
  [25/96] sentence      8.3s
[DEBUG-TTS] synth_azure text='报告前的那个晚上，安琪躺在床上，翻来覆去睡不着。' len=24 key_len=84 region='southeastasia'
[DEBUG-TTS] synth_azure goi voice='zh-CN-Mei:MAI-Voice-2' region='southeastasia' url='https://southeastasia.tts.speech.microsoft.com/cognitiveservices/v1'
[DEBUG-TTS] synth_azure nhan duoc 31968 bytes
  [26/96] sentence      5.6s
[DEBUG-TTS] synth_azure text='她一闭上眼，就看见初二那间教室，听见那阵笑声。' len=23 key_len=84 region='southeastasia'
[DEBUG-TTS] synth_azure goi voice='zh-CN-Mei:MAI-Voice-2' region='southeastasia' url='https://southeastasia.tts.speech.microsoft.com/cognitiveservices/v1'
[DEBUG-TTS] synth_azure nhan duoc 31392 bytes
  [27/96] sentence      5.5s
[DEBUG-TTS] synth_azure text='夜里一点，她抱着讲稿，悄悄走进宿舍楼下的洗衣房。' len=24 key_len=84 region='southeastasia'
[DEBUG-TTS] synth_azure goi voice='zh-CN-Mei:MAI-Voice-2' region='southeastasia' url='https://southeastasia.tts.speech.microsoft.com/cognitiveservices/v1'
[DEBUG-TTS] synth_azure nhan duoc 41616 bytes
  [28/96] sentence      7.2s
[DEBUG-TTS] synth_azure text='那里只有一台还在转的洗衣机，嗡嗡地响。' len=19 key_len=84 region='southeastasia'
[DEBUG-TTS] synth_azure goi voice='zh-CN-Mei:MAI-Voice-2' region='southeastasia' url='https://southeastasia.tts.speech.microsoft.com/cognitiveservices/v1'
[DEBUG-TTS] synth_azure nhan duoc 25920 bytes
  [29/96] sentence      4.6s
[DEBUG-TTS] synth_azure text='她对着洗衣机，把报告从头到尾讲了一遍，又一遍。' len=23 key_len=84 region='southeastasia'
[DEBUG-TTS] synth_azure goi voice='zh-CN-Mei:MAI-Voice-2' region='southeastasia' url='https://southeastasia.tts.speech.microsoft.com/cognitiveservices/v1'
[DEBUG-TTS] synth_azure nhan duoc 33120 bytes
  [30/96] sentence      5.8s
[DEBUG-TTS] synth_azure text='讲到第五遍的时候，她的声音不抖了。' len=17 key_len=84 region='southeastasia'
[DEBUG-TTS] synth_azure goi voice='zh-CN-Mei:MAI-Voice-2' region='southeastasia' url='https://southeastasia.tts.speech.microsoft.com/cognitiveservices/v1'
[DEBUG-TTS] synth_azure nhan duoc 20160 bytes
  [31/96] sentence      3.7s
[DEBUG-TTS] synth_azure text='她看着洗衣机圆圆的玻璃门，忽然笑了：原来她也可以把一件事讲完。' len=31 key_len=84 region='southeastasia'
[DEBUG-TTS] synth_azure goi voice='zh-CN-Mei:MAI-Voice-2' region='southeastasia' url='https://southeastasia.tts.speech.microsoft.com/cognitiveservices/v1'
[DEBUG-TTS] synth_azure nhan duoc 42624 bytes
  [32/96] sentence      7.4s
[DEBUG-TTS] synth_azure text='第二天下午两点，轮到她上台。' len=14 key_len=84 region='southeastasia'
[DEBUG-TTS] synth_azure goi voice='zh-CN-Mei:MAI-Voice-2' region='southeastasia' url='https://southeastasia.tts.speech.microsoft.com/cognitiveservices/v1'
[DEBUG-TTS] synth_azure nhan duoc 17568 bytes
  [33/96] sentence      3.2s
[DEBUG-TTS] synth_azure text='她走上讲台，教室安静得能听见自己的心跳。' len=20 key_len=84 region='southeastasia'
[DEBUG-TTS] synth_azure goi voice='zh-CN-Mei:MAI-Voice-2' region='southeastasia' url='https://southeastasia.tts.speech.microsoft.com/cognitiveservices/v1'
[DEBUG-TTS] synth_azure nhan duoc 33120 bytes
  [34/96] sentence      5.8s
[DEBUG-TTS] synth_azure text='前三十秒，她的大脑一片空白，练过几十遍的句子全都不见了。' len=28 key_len=84 region='southeastasia'
[DEBUG-TTS] synth_azure goi voice='zh-CN-Mei:MAI-Voice-2' region='southeastasia' url='https://southeastasia.tts.speech.microsoft.com/cognitiveservices/v1'
[DEBUG-TTS] synth_azure nhan duoc 36288 bytes
  [35/96] sentence      6.3s
[DEBUG-TTS] synth_azure text='她的手心出汗，腿在发抖，很想转身逃走。' len=19 key_len=84 region='southeastasia'
[DEBUG-TTS] synth_azure goi voice='zh-CN-Mei:MAI-Voice-2' region='southeastasia' url='https://southeastasia.tts.speech.microsoft.com/cognitiveservices/v1'
[DEBUG-TTS] synth_azure nhan duoc 34560 bytes
  [36/96] sentence      6.1s
[DEBUG-TTS] synth_azure text='台下，林晓对她轻轻点头，嘴型是三个字："别怕，说。"' len=26 key_len=84 region='southeastasia'
[DEBUG-TTS] synth_azure goi voice='zh-CN-Mei:MAI-Voice-2' region='southeastasia' url='https://southeastasia.tts.speech.microsoft.com/cognitiveservices/v1'
[DEBUG-TTS] synth_azure nhan duoc 40032 bytes
  [37/96] sentence      7.0s
[DEBUG-TTS] synth_azure text='安琪深吸一口气，说出了第一句："大家好，今天我想讲的题目是……"' len=32 key_len=84 region='southeastasia'
[DEBUG-TTS] synth_azure goi voice='zh-CN-Mei:MAI-Voice-2' region='southeastasia' url='https://southeastasia.tts.speech.microsoft.com/cognitiveservices/v1'
[DEBUG-TTS] synth_azure nhan duoc 43344 bytes
  [38/96] sentence      7.5s
[DEBUG-TTS] synth_azure text='奇怪的事情发生了。' len=9 key_len=84 region='southeastasia'
[DEBUG-TTS] synth_azure goi voice='zh-CN-Mei:MAI-Voice-2' region='southeastasia' url='https://southeastasia.tts.speech.microsoft.com/cognitiveservices/v1'
[DEBUG-TTS] synth_azure nhan duoc 11664 bytes
  [39/96] sentence      2.2s
[DEBUG-TTS] synth_azure text='第一句一出口，第二句就自己跟了上来，第三句、第四句，像水一样流了出来。' len=35 key_len=84 region='southeastasia'
[DEBUG-TTS] synth_azure goi voice='zh-CN-Mei:MAI-Voice-2' region='southeastasia' url='https://southeastasia.tts.speech.microsoft.com/cognitiveservices/v1'
[DEBUG-TTS] synth_azure nhan duoc 49680 bytes
  [40/96] sentence      8.6s
[DEBUG-TTS] synth_azure text='十分钟后，教室里响起了掌声。' len=14 key_len=84 region='southeastasia'
[DEBUG-TTS] synth_azure goi voice='zh-CN-Mei:MAI-Voice-2' region='southeastasia' url='https://southeastasia.tts.speech.microsoft.com/cognitiveservices/v1'
[DEBUG-TTS] synth_azure nhan duoc 21312 bytes
  [41/96] sentence      3.9s
[DEBUG-TTS] synth_azure text='下台的时候，她的腿还是软的，可是她的眼睛在发光。' len=24 key_len=84 region='southeastasia'
[DEBUG-TTS] synth_azure goi voice='zh-CN-Mei:MAI-Voice-2' region='southeastasia' url='https://southeastasia.tts.speech.microsoft.com/cognitiveservices/v1'
[DEBUG-TTS] synth_azure nhan duoc 31392 bytes
  [42/96] sentence      5.5s
[DEBUG-TTS] synth_azure text='原来她怕了七年的，不是讲台，而是走上讲台的那几步。' len=25 key_len=84 region='southeastasia'
[DEBUG-TTS] synth_azure goi voice='zh-CN-Mei:MAI-Voice-2' region='southeastasia' url='https://southeastasia.tts.speech.microsoft.com/cognitiveservices/v1'
[DEBUG-TTS] synth_azure nhan duoc 35856 bytes
  [43/96] sentence      6.3s
[DEBUG-TTS] synth_azure text='那个学期结束前，学校的社团招主持人。' len=18 key_len=84 region='southeastasia'
[DEBUG-TTS] synth_azure goi voice='zh-CN-Mei:MAI-Voice-2' region='southeastasia' url='https://southeastasia.tts.speech.microsoft.com/cognitiveservices/v1'
[DEBUG-TTS] synth_azure nhan duoc 26928 bytes
  [44/96] sentence      4.8s
[DEBUG-TTS] synth_azure text='安琪盯着报名表看了十分钟，然后写下了自己的名字。' len=24 key_len=84 region='southeastasia'
[DEBUG-TTS] synth_azure goi voice='zh-CN-Mei:MAI-Voice-2' region='southeastasia' url='https://southeastasia.tts.speech.microsoft.com/cognitiveservices/v1'
[DEBUG-TTS] synth_azure nhan duoc 26928 bytes
  [45/96] sentence      4.8s
[DEBUG-TTS] synth_azure text='这一次，没有人逼她。' len=10 key_len=84 region='southeastasia'
[DEBUG-TTS] synth_azure goi voice='zh-CN-Mei:MAI-Voice-2' region='southeastasia' url='https://southeastasia.tts.speech.microsoft.com/cognitiveservices/v1'
[DEBUG-TTS] synth_azure nhan duoc 10944 bytes
  [46/96] sentence      2.1s
[DEBUG-TTS] synth_azure text='每年春天，你都可以看到这样的画面。' len=17 key_len=84 region='southeastasia'
[DEBUG-TTS] synth_azure goi voice='zh-CN-Mei:MAI-Voice-2' region='southeastasia' url='https://southeastasia.tts.speech.microsoft.com/cognitiveservices/v1'
[DEBUG-TTS] synth_azure nhan duoc 20736 bytes
  [47/96] sentence      3.8s
[DEBUG-TTS] synth_azure text='一只雏鸟（刚出生不久的小鸟）站在巢的边上，往下看。' len=25 key_len=84 region='southeastasia'
[DEBUG-TTS] synth_azure goi voice='zh-CN-Mei:MAI-Voice-2' region='southeastasia' url='https://southeastasia.tts.speech.microsoft.com/cognitiveservices/v1'
[DEBUG-TTS] synth_azure nhan duoc 35856 bytes
  [48/96] sentence      6.3s
[DEBUG-TTS] synth_azure text='它已经在巢里住了整整一个春天，羽毛长齐了，翅膀也有了力气。' len=29 key_len=84 region='southeastasia'
[DEBUG-TTS] synth_azure goi voice='zh-CN-Mei:MAI-Voice-2' region='southeastasia' url='https://southeastasia.tts.speech.microsoft.com/cognitiveservices/v1'
[DEBUG-TTS] synth_azure nhan duoc 41328 bytes
  [49/96] sentence      7.2s
[DEBUG-TTS] synth_azure text='可是下面那么高，那么空，天空那么大。' len=18 key_len=84 region='southeastasia'
[DEBUG-TTS] synth_azure goi voice='zh-CN-Mei:MAI-Voice-2' region='southeastasia' url='https://southeastasia.tts.speech.microsoft.com/cognitiveservices/v1'
[DEBUG-TTS] synth_azure nhan duoc 19152 bytes
  [50/96] sentence      3.5s
[DEBUG-TTS] synth_azure text='风一吹，树枝轻轻地摇，它把脚抓得更紧了。' len=20 key_len=84 region='southeastasia'
[DEBUG-TTS] synth_azure goi voice='zh-CN-Mei:MAI-Voice-2' region='southeastasia' url='https://southeastasia.tts.speech.microsoft.com/cognitiveservices/v1'
[DEBUG-TTS] synth_azure nhan duoc 30816 bytes
  [51/96] sentence      5.4s
[DEBUG-TTS] synth_azure text='它缩回去，又走上来，又缩回去。' len=15 key_len=84 region='southeastasia'
[DEBUG-TTS] synth_azure goi voice='zh-CN-Mei:MAI-Voice-2' region='southeastasia' url='https://southeastasia.tts.speech.microsoft.com/cognitiveservices/v1'
[DEBUG-TTS] synth_azure nhan duoc 17856 bytes
  [52/96] sentence      3.3s
[DEBUG-TTS] synth_azure text='它不是不想飞，天空在等它，整个春天都在等它。' len=22 key_len=84 region='southeastasia'
[DEBUG-TTS] synth_azure goi voice='zh-CN-Mei:MAI-Voice-2' region='southeastasia' url='https://southeastasia.tts.speech.microsoft.com/cognitiveservices/v1'
[DEBUG-TTS] synth_azure nhan duoc 33984 bytes
  [53/96] sentence      6.0s
[DEBUG-TTS] synth_azure text='鸟妈妈站在旁边的树枝上，不催它，也不替它飞。' len=22 key_len=84 region='southeastasia'
[DEBUG-TTS] synth_azure goi voice='zh-CN-Mei:MAI-Voice-2' region='southeastasia' url='https://southeastasia.tts.speech.microsoft.com/cognitiveservices/v1'
[DEBUG-TTS] synth_azure nhan duoc 32544 bytes
  [54/96] sentence      5.7s
[DEBUG-TTS] synth_azure text='因为妈妈知道，翅膀是跳出去以后才变硬的。' len=20 key_len=84 region='southeastasia'
[DEBUG-TTS] synth_azure goi voice='zh-CN-Mei:MAI-Voice-2' region='southeastasia' url='https://southeastasia.tts.speech.microsoft.com/cognitiveservices/v1'
[DEBUG-TTS] synth_azure nhan duoc 29088 bytes
  [55/96] sentence      5.1s
[DEBUG-TTS] synth_azure text='你要知道，世界上没有一只鸟，是在地面上学会飞的。' len=24 key_len=84 region='southeastasia'
[DEBUG-TTS] synth_azure goi voice='zh-CN-Mei:MAI-Voice-2' region='southeastasia' url='https://southeastasia.tts.speech.microsoft.com/cognitiveservices/v1'
[DEBUG-TTS] synth_azure nhan duoc 30960 bytes
  [56/96] sentence      5.5s
[DEBUG-TTS] synth_azure text='飞翔的第一课，永远在巢的边上。' len=15 key_len=84 region='southeastasia'
[DEBUG-TTS] synth_azure goi voice='zh-CN-Mei:MAI-Voice-2' region='southeastasia' url='https://southeastasia.tts.speech.microsoft.com/cognitiveservices/v1'
[DEBUG-TTS] synth_azure nhan duoc 26496 bytes
  [57/96] sentence      4.7s
[DEBUG-TTS] synth_azure text='第一次张开翅膀，是最可怕的一次。' len=16 key_len=84 region='southeastasia'
[DEBUG-TTS] synth_azure goi voice='zh-CN-Mei:MAI-Voice-2' region='southeastasia' url='https://southeastasia.tts.speech.microsoft.com/cognitiveservices/v1'
[DEBUG-TTS] synth_azure nhan duoc 17568 bytes
  [58/96] sentence      3.2s
[DEBUG-TTS] synth_azure text='但是当它真的跳出去，风就来了。' len=15 key_len=84 region='southeastasia'
[DEBUG-TTS] synth_azure goi voice='zh-CN-Mei:MAI-Voice-2' region='southeastasia' url='https://southeastasia.tts.speech.microsoft.com/cognitiveservices/v1'
[DEBUG-TTS] synth_azure nhan duoc 22464 bytes
  [59/96] sentence      4.0s
[DEBUG-TTS] synth_azure text='风从翅膀下面把它托住，比它想的温柔得多。' len=20 key_len=84 region='southeastasia'
[DEBUG-TTS] synth_azure goi voice='zh-CN-Mei:MAI-Voice-2' region='southeastasia' url='https://southeastasia.tts.speech.microsoft.com/cognitiveservices/v1'
[DEBUG-TTS] synth_azure nhan duoc 30960 bytes
  [60/96] sentence      5.5s
[DEBUG-TTS] synth_azure text='你也一样。' len=5 key_len=84 region='southeastasia'
[DEBUG-TTS] synth_azure goi voice='zh-CN-Mei:MAI-Voice-2' region='southeastasia' url='https://southeastasia.tts.speech.microsoft.com/cognitiveservices/v1'
[DEBUG-TTS] synth_azure nhan duoc 7056 bytes
  [61/96] sentence      1.5s
[DEBUG-TTS] synth_azure text='你站在自己人生的巢边，觉得天空太大，自己太小。' len=23 key_len=84 region='southeastasia'
[DEBUG-TTS] synth_azure goi voice='zh-CN-Mei:MAI-Voice-2' region='southeastasia' url='https://southeastasia.tts.speech.microsoft.com/cognitiveservices/v1'
[DEBUG-TTS] synth_azure nhan duoc 30816 bytes
  [62/96] sentence      5.4s
[DEBUG-TTS] synth_azure text='你害怕的那些东西，站在原地看，永远是最大的。' len=22 key_len=84 region='southeastasia'
[DEBUG-TTS] synth_azure goi voice='zh-CN-Mei:MAI-Voice-2' region='southeastasia' url='https://southeastasia.tts.speech.microsoft.com/cognitiveservices/v1'
[DEBUG-TTS] synth_azure nhan duoc 33552 bytes
  [63/96] sentence      5.9s
[DEBUG-TTS] synth_azure text='只有动起来，它们才会慢慢变小。' len=15 key_len=84 region='southeastasia'
[DEBUG-TTS] synth_azure goi voice='zh-CN-Mei:MAI-Voice-2' region='southeastasia' url='https://southeastasia.tts.speech.microsoft.com/cognitiveservices/v1'
[DEBUG-TTS] synth_azure nhan duoc 17568 bytes
  [64/96] sentence      3.2s
[DEBUG-TTS] synth_azure text='可是那阵风，只有跳出去的人才能遇见。' len=18 key_len=84 region='southeastasia'
[DEBUG-TTS] synth_azure goi voice='zh-CN-Mei:MAI-Voice-2' region='southeastasia' url='https://southeastasia.tts.speech.microsoft.com/cognitiveservices/v1'
[DEBUG-TTS] synth_azure nhan duoc 23616 bytes
  [65/96] sentence      4.2s
[DEBUG-TTS] synth_azure text='那么，第一步到底应该怎么迈？' len=14 key_len=84 region='southeastasia'
[DEBUG-TTS] synth_azure goi voice='zh-CN-Mei:MAI-Voice-2' region='southeastasia' url='https://southeastasia.tts.speech.microsoft.com/cognitiveservices/v1'
[DEBUG-TTS] synth_azure nhan duoc 19152 bytes
  [66/96] sentence      3.8s
[DEBUG-TTS] synth_azure text='我想送你四个小小的办法。' len=12 key_len=84 region='southeastasia'
[DEBUG-TTS] synth_azure goi voice='zh-CN-Mei:MAI-Voice-2' region='southeastasia' url='https://southeastasia.tts.speech.microsoft.com/cognitiveservices/v1'
[DEBUG-TTS] synth_azure nhan duoc 20160 bytes
  [67/96] sentence      3.7s
[DEBUG-TTS] synth_azure text='第一，把开始变小。' len=9 key_len=84 region='southeastasia'
[DEBUG-TTS] synth_azure goi voice='zh-CN-Mei:MAI-Voice-2' region='southeastasia' url='https://southeastasia.tts.speech.microsoft.com/cognitiveservices/v1'
[DEBUG-TTS] synth_azure nhan duoc 12672 bytes
  [68/96] sentence      2.4s
[DEBUG-TTS] synth_azure text='不是"学会英语"，而是"今天开口读十分钟"。' len=22 key_len=84 region='southeastasia'
[DEBUG-TTS] synth_azure goi voice='zh-CN-Mei:MAI-Voice-2' region='southeastasia' url='https://southeastasia.tts.speech.microsoft.com/cognitiveservices/v1'
[DEBUG-TTS] synth_azure nhan duoc 26496 bytes
  [69/96] sentence      4.7s
[DEBUG-TTS] synth_azure text='十分钟你做得到，做到了，你就会想要第二个十分钟。' len=24 key_len=84 region='southeastasia'
[DEBUG-TTS] synth_azure goi voice='zh-CN-Mei:MAI-Voice-2' region='southeastasia' url='https://southeastasia.tts.speech.microsoft.com/cognitiveservices/v1'
[DEBUG-TTS] synth_azure nhan duoc 26208 bytes
  [70/96] sentence      4.7s
[DEBUG-TTS] synth_azure text='开始越小，脚越容易抬起来。' len=13 key_len=84 region='southeastasia'
[DEBUG-TTS] synth_azure goi voice='zh-CN-Mei:MAI-Voice-2' region='southeastasia' url='https://southeastasia.tts.speech.microsoft.com/cognitiveservices/v1'
[DEBUG-TTS] synth_azure nhan duoc 18432 bytes
  [71/96] sentence      3.4s
[DEBUG-TTS] synth_azure text='第二，给自己找一个"洗衣房"。' len=15 key_len=84 region='southeastasia'
[DEBUG-TTS] synth_azure goi voice='zh-CN-Mei:MAI-Voice-2' region='southeastasia' url='https://southeastasia.tts.speech.microsoft.com/cognitiveservices/v1'
[DEBUG-TTS] synth_azure nhan duoc 17136 bytes
  [72/96] sentence      3.2s
[DEBUG-TTS] synth_azure text='一个没有人看着你的角落，让你笨拙地（不熟练、不好看地）练习。' len=30 key_len=84 region='southeastasia'
[DEBUG-TTS] synth_azure goi voice='zh-CN-Mei:MAI-Voice-2' region='southeastasia' url='https://southeastasia.tts.speech.microsoft.com/cognitiveservices/v1'
[DEBUG-TTS] synth_azure nhan duoc 43920 bytes
  [73/96] sentence      7.6s
[DEBUG-TTS] synth_azure text='所有漂亮的第一步，背后都有无数难看的"第零步"。' len=24 key_len=84 region='southeastasia'
[DEBUG-TTS] synth_azure goi voice='zh-CN-Mei:MAI-Voice-2' region='southeastasia' url='https://southeastasia.tts.speech.microsoft.com/cognitiveservices/v1'
[DEBUG-TTS] synth_azure nhan duoc 34272 bytes
  [74/96] sentence      6.0s
[DEBUG-TTS] synth_azure text='第三，只准备第一句话。' len=11 key_len=84 region='southeastasia'
[DEBUG-TTS] synth_azure goi voice='zh-CN-Mei:MAI-Voice-2' region='southeastasia' url='https://southeastasia.tts.speech.microsoft.com/cognitiveservices/v1'
[DEBUG-TTS] synth_azure nhan duoc 13536 bytes
  [75/96] sentence      2.6s
[DEBUG-TTS] synth_azure text='你不需要看见整条路，你只需要说出第一句。' len=20 key_len=84 region='southeastasia'
[DEBUG-TTS] synth_azure goi voice='zh-CN-Mei:MAI-Voice-2' region='southeastasia' url='https://southeastasia.tts.speech.microsoft.com/cognitiveservices/v1'
[DEBUG-TTS] synth_azure nhan duoc 24624 bytes
  [76/96] sentence      4.4s
[DEBUG-TTS] synth_azure text='剩下的话，会自己找到你，就像安琪那天在讲台上一样。' len=25 key_len=84 region='southeastasia'
[DEBUG-TTS] synth_azure goi voice='zh-CN-Mei:MAI-Voice-2' region='southeastasia' url='https://southeastasia.tts.speech.microsoft.com/cognitiveservices/v1'
[DEBUG-TTS] synth_azure nhan duoc 34128 bytes
  [77/96] sentence      6.0s
[DEBUG-TTS] synth_azure text='第四，找一个愿意坐在台下对你点头的人。' len=19 key_len=84 region='southeastasia'
[DEBUG-TTS] synth_azure goi voice='zh-CN-Mei:MAI-Voice-2' region='southeastasia' url='https://southeastasia.tts.speech.microsoft.com/cognitiveservices/v1'
[DEBUG-TTS] synth_azure nhan duoc 23328 bytes
  [78/96] sentence      4.2s
[DEBUG-TTS] synth_azure text='别人不能替你开口，但可以陪你走到门口。' len=19 key_len=84 region='southeastasia'
